id,slug,name,title_raw,description,mathex_url,source,site,yandex_org_ids,yandex_links,coords_from_url,yandex_address,yandex_full_address,yandex_short_title,yandex_coords,yandex_composite_address,mathex_main_text,segment,price,year,all_addresses,forbes_url,description_short,description_values
mathex-1533-lit,1533-lit,Школа 1533 ЛИТ,1533 ЛИТ » Лучшие школы Москвы. © Mathex,Лицей 1533 ЛИТ - одна из лучших школ Москвы с акцентом на обучение информационным технологиям. Особенности школы. Поступление в 1533 ЛИТ. ©Mathex,https://mathex.ru/shkoly/1533-lit/,mathex,https://www.lit.msu.ru/,"[""1043679151""]","[""https://yandex.ru/maps/213/moscow/?ll=37.560069,55.685223&mode=search&oid=1043679151&ol=biz&sctx=ZAAAAAgBEAAaKAoSCRR5knTNUD5AEfTF3osv+E1AEhIJS2z9/3+N7z8RhbXUKeYD0j8iBQABAgQFKAowADivlfPsiK3hmdoBQOytB0gBVc3MzD5YAGoCcnVwAJ0BzcxMPaABAKgBAL0BI60PLMIBFaT+pIwE2tX32ASvj9XxA4eH5YzdAg==&sll=37.560069,55.685223&sspn=0.093408,0.030023&text=%D1%88%D0%BA%D0%BE%D0%BB%D0%B0%201533&z=14.4%20_blank"", ""https://yandex.ru/maps/213/moscow/?ll=37.560069,55.685223&mode=search&oid=1043679151&ol=biz&sctx=ZAAAAAgBEAAaKAoSCRR5knTNUD5AEfTF3osv+E1AEhIJS2z9/3+N7z8RhbXUKeYD0j8iBQABAgQFKAowADivlfPsiK3hmdoBQOytB0gBVc3MzD5YAGoCcnVwAJ0BzcxMPaABAKgBAL0BI60PLMIBFaT+pIwE2tX32ASvj9XxA4eH5YzdAg==&sll=37.560069,55.685223&sspn=0.093408,0.030023&text=%D1%88%D0%BA%D0%BE%D0%BB%D0%B0%201533&z=14.4%20_blank""]","[{""lon"": 37.560069, ""lat"": 55.685223, ""source"": ""https://yandex.ru/maps/213/moscow/?ll=37.560069,55.685223&mode=search&oid=104367""}, {""lon"": 37.560069, ""lat"": 55.685223, ""source"": ""https://yandex.ru/maps/213/moscow/?ll=37.560069,55.685223&mode=search&oid=104367""}]","ул. Кржижановского, 4А, Москва","Москва, улица Кржижановского, 4А","Школа № 1533 ЛИТ, корпус № 3","[37.560561, 55.681473]","{""country"": ""Россия"", ""locality"": ""Москва"", ""street"": ""улица Кржижановского"", ""house"": ""4А""}","Школа 1533 ЛИТ Школа 1533 ЛИТ выделяется среди других лучших школ тем, что имеет выраженную ИТ специализацию. Большинство физмат школ изучают информатику с точки зрения алгоритмов и математических моделей (спортивное программирование), в то время как ЛИТ большое внимание уделяет и прикладной части ИТ: компьютерному дизайну, графике, цифровой экономике и так далее. Ученики ЛИТа в старших классах участвуют в совместных проектах с известными ИТ компаниями, что, конечно, хорошо, теоретические знания без практического опыта мало что значат. Школа одна из немногих, кто набирает в 3-й класс. Соответственно, конкурс туда значительный. Еще есть конкурсный набор в 3-е матклассы у начальной школы у проекта 2*2, смотрите информацию на их сайте ), хотя, с моей точки зрения, родителям стоит задуматься, не рано ли? У школы три здания. Младшие учатся на улице Кржижановского 4А, занятия в 5–8 классах — на Профсоюзной 24/4, поблизости от метро «Профсоюзная», 9–11 классах занимаются на Ломоносовском проспекте 16, недалеко от метро «Университет». В начальных и средних классах организована модульная система обучения, это позволяет сделать процесс несколько более индивидуальным. В старших классах много времени уделяется проектной работе. Специализация начинается с 9 класса. В 3 — 8 единая программа. В отличие от других топ-школ, до 7 класса пятидневка, при этом количество часов по предметам умеренно, 7 — 8 уроков не бывает. Сложность вступительных испытаний 5 из 10 50% 50% Вступительные испытания в ЛИТ организованы своеобразно. При относительной легкости задач и тестов, дается очень мало времени и при этом высокая требовательность к изложению решений. Экзамены по все предметам проходят в один день. Подробности о поступлении в ЛИТ можно узнать тут . Если у ребенка амбиции на победы в рейтинговых олимпиадах, а в будущем — БВИ и бюджет топовых ВУЗов, то ЛИТ не его выбор. Нужно смотреть в сторону 2007 , Второй школы , 179 или 57 . ЛИТ — не про олимпиады. ЛИТ — про дружный коллектив, качественную учебу с акцентом на IT. Сейчас у школы молодой директор, выпускник ЛИТа, молодая команда учителей. Лицей информационных технологий 1533 заслуженно пользуется большой популярностью у родителей и детей. Для тех, кто ориентирован на разностороннее образование и практический опыт в IT областях — это хороший выбор. Поступление в ЛИТ 1533 Особенности приемной компании, сроки, варианты экзаменов, подготовка Официальный сайт школы Сайт школы Школа на Яндекс картах",,,,,,,
mathex-1580-2,1580-2,Школа 1580,Школа 1580 » Лучшие школы Москвы » © Mathex,Школа 1580 - кузница кадров для МГТУ им. Баумана. Сильная академическая подготовка. Большой набор. » Особенности школы. Поступление в 1580 » . ©Mathex,https://mathex.ru/shkoly/1580-2/,mathex,,[],[],[],,,,,,"Школа 1580 Кузница кадров для МГТУ имени Баумана — вот что такое школа 1580. Больше половины ее выпускников каждый год становятся студентами Бауманки. С учетом того, что в 2019 выпуск 1580 составил 16 одиннадцатых классов, очень много студентов пришло в институт именно из этой школы. Формирование классов и параллелей в школе устроено так. Есть начальная школа, но это всего лишь два класса. Далее, в каждый класс школа 1580 производит конкурсный набор, начиная с пятого и заканчивая одиннадцатым. В результате два четвертых превращаются в 16 одиннадцатых. Школа существенно выросла — еще в 2006 набирались только несколько 10-11 классов. На сегодняшний день выпуском в 16 классов в параллели, из которых почти все конкурсного набора, не может похвастаться ни одна из лучших школ. Например, Вторая школа и 179 выпускают всего по пять классов в год. У школы три корпуса, причем два из них, в том числе основной, находятся на Балаклавском проспекте, в районе метро Варшавская и Чертановская, а третий корпус — гораздо ближе к центру, улица Стасовой д. 8, на Шаболовке. Большая часть 5-8 классов учится в третьем корпусе вместе с начальной школой, а в старших классах переезжает на Балаклавский. Уточняйте при поступлении, так как логистика сильно отличается. Старшие классы — только на Балаклавском проспекте. В 2023 открылась вновь построенное здание школы, получившее название Символ. Здание расположено на г. Москва, ул. Золоторожский Вал, д.11 в ЖК с таким же названием . Школу отдали в управление 1580, что очень хорошо для Символа, но не так просто для 1580 — нужно собрать преподавательский коллектив, интегрировать школу в систему 1580. В Символе есть обещобразовательные классы (по прописке) и лицейские (по конкурсу, как в оснавной 1580). Всвязи со всем этим, конкурс в Символ на 2025 существенно ниже, чем в основную школу, поступить туда легче. В школе 1580 в процессе обучения используется система индивидуальных рейтингов учащихся, зависящая от оценок, успехов на олимпиадах и т.п. Каждый знает свой текущий рейтинг, стремится подняться по ступенькам выше. Соревновательность и конкуренция повышает мотивацию. Классы в школе имеют широкую специализацию, можно сказать «инженерную», заточенную под потребности МГТУ им. Баумана. Кроме физмата, есть информатика, химия, экономика. При обучении, особенно это касается старших классов, активно используются лаборатории, научно образовательные центры и другая инфраструктура Бауманки для практических работ, различных спецкурсов. Сложность вступительных испытаний 5 из 10 50% 50% При поступлении соискатели сдают математику (оценивается по пятибальной системе) и русский язык (зачет/незачет). Массовый регулярный набор в классы, начиная с 5-го — отличный выбор для упорных, мотивированных, усердно готовящихся, но не хватающих с неба звезд (пока) детей. Если не получилось поступить в пятый — можно попробовать в шестой или седьмой в последующие годы. Школа 1580, вероятно, уступает топовым физматшколам на рейтинговых олимпиадах, но является, вне всяких сомнений, сильной школой с серьезной и комплексной подготовкой учеников. Поступление в школу 1580 Особенности приемной компании, сроки, варианты экзаменов, подготовка Официальный сайт школы Школа на Гугл картах",,,,,,,
mathex-intellektual,intellektual,Школа Интеллектуал,Школа Интеллектуал » Лучшие школы Москвы » © Mathex,Школа Интеллектуал - самая необычная из лучших школ. Нестандартная методика обучения. Интернат. » Особенности школы. Поступление в Интеллектуал» . ©Mathex,https://mathex.ru/shkoly/intellektual/,mathex,https://sch-int.ru/,"[""1091053178""]","[""https://yandex.ru/maps/213/moscow/?l=trf&ll=37.477180,55.718381&mode=search&oid=1091053178&ol=biz&sctx=ZAAAAAgBEAAaKAoSCQ45SwMev0JAEVd6bTbW20tAEhIJ23v4/1/fyj8RCHqXJGYZsD8iBQABAgQFKAowADj0rruF2buNqRNAip8BSAFVzczMPlgAagJydXAAnQHNzEw9oAEAqAEAvQEibNWPwgEK+sygiATkqcvTBg==&sll=37.477180,55.718381&sspn=0.104971,0.031443&text=%D1%88%D0%BA%D0%BE%D0%BB%D0%B0%20%D0%B8%D0%BD%D1%82%D0%B5%D0%BB%D0%BB%D0%B5%D0%BA%D1%82%D1%83%D0%B0%D0%BB&z=14%20_blank"", ""https://yandex.ru/maps/213/moscow/?l=trf&ll=37.477180,55.718381&mode=search&oid=1091053178&ol=biz&sctx=ZAAAAAgBEAAaKAoSCQ45SwMev0JAEVd6bTbW20tAEhIJ23v4/1/fyj8RCHqXJGYZsD8iBQABAgQFKAowADj0rruF2buNqRNAip8BSAFVzczMPlgAagJydXAAnQHNzEw9oAEAqAEAvQEibNWPwgEK+sygiATkqcvTBg==&sll=37.477180,55.718381&sspn=0.104971,0.031443&text=%D1%88%D0%BA%D0%BE%D0%BB%D0%B0%20%D0%B8%D0%BD%D1%82%D0%B5%D0%BB%D0%BB%D0%B5%D0%BA%D1%82%D1%83%D0%B0%D0%BB&z=14%20_blank""]","[{""lon"": 37.47718, ""lat"": 55.718381, ""source"": ""https://yandex.ru/maps/213/moscow/?l=trf&ll=37.477180,55.718381&mode=search&oid=""}, {""lon"": 37.47718, ""lat"": 55.718381, ""source"": ""https://yandex.ru/maps/213/moscow/?l=trf&ll=37.477180,55.718381&mode=search&oid=""}]","Кременчугская ул., 11, стр. 4, Москва","Москва, Кременчугская улица, 11, стр. 4",Интеллектуал,"[37.464402, 55.71817]","{""country"": ""Россия"", ""locality"": ""Москва"", ""street"": ""Кременчугская улица"", ""house"": ""11, стр. 4""}","Школа Интеллектуал Школа Интеллектуал – очень нетипичное, я бы сказал удивительное явление на поле Московского среднего образования. Как она может существовать в суровых рамках всеобщей стандартизации Департамента образования Москвы, всяческих ФГОСов и тому подобному, для меня большая загадка. Судите сами: У школы необычный учебный процесс. Разделение на классы (их всего два в параллели) очень условно. В школе есть кафедры, ученики сами выбирают, что им интересно (требования к школьной программе всеобщего образования, само собой, выполняются) Школа условно платная. Нужно платить обязательных ~13 тысяч руб. в месяц за обучение (декларируется, как обучение сверх обязательных часов). Плюс 5 тысяч руб. интернат (если там проживать). Плюс питание, плюс кружки (не все платные, но тем не менее) Школа активно развивает платные кружки для детей «со стороны». В то время как для других это просто небольшое подспорье (например, вечерняя школа в лицее Вторая школа), для Интеллектуала это вполне заметная часть деятельности. Еще несколько лет назад это была, наверное, единственная школа в Москве, набиравшая первый класс по конкурсу, а не по прописке (сейчас, похоже, Интеллектуал окончательно отказался от начальной школы и будет набирать детей начиная с 5-го класса. У школы есть интернат (5 дней в неделю, не работает по выходным), с вполне сносными условиями проживания. Для многих, живущих в отдаленных районах, это хороший выбор. С другой стороны, какая же степень самоорганизации у детей в 12-13 лет должна быть, чтобы учиться, делать домашнюю работу, а не играть на телефоне без сурового родительского ока? Интернат не так популярен сегодня, им пользуются меньше половины учеников. Интеллектуал – очень маленькая школа. Выпуск прошлого ~50 человек. В конце 2017 года школе передали здание на Ярцевской, 10, но оно мало пригодно для обучения, нужен серьезный ремонт. На 2023 год, о новом здании мало что слышно. Возможно, процесс задерживается. Сложность вступительных испытаний 7 из 10 80% 80% Ранней специализации в школе нет, ученики сами могут выбрать направления (кафедры) для углубленного обучения и свой уровень нагрузки. Лишь в старшей школе происходит более четкое разделение на одно из направлений: гуманитарное, физико-математическое, химико-физическое, социально-экономическое или биолого-химическое. Школа декларирует свою «Фишку» — многпредметность. Если школьник хочет быть и экономистом, и математиком, да и социологию знать — Интеллектуал подходящий выбор. В результате последних изменений в правилах расчета рейтинга Департамента образования, школа откатилась очень далеко. При этом, несмотря на небольшое количество учеников, школа Интеллектуал год из года показывает весомы успехи на олимпиадах по абсолютно разным предметам. Школа не стала хуже, просто правила игры изменились. Не верьте рейтингу, Интеллектуал, по-прежнему, сильная, разноплановая и самобытная школа, ориентированная на одаренных детей. Одна из лучших школ Москвы. Поступление в школу Интеллектуал Особенности приемной компании, сроки, варианты экзаменов, подготовка Официальный сайт школы Основной сайт школы Школа на Яндекс картах",,,,,,,
mathex-letovo,letovo,Летово,Летово » Mathex,"Летово - претендент на российский Гарвард. Платная школа, большие степендии. Лучшие учителя и сильные ученики. » Поступление в Летово.» . ©Mathex",https://mathex.ru/shkoly/letovo/,mathex,https://letovo.ru/,"[""239401271523""]","[""https://yandex.ru/maps/213/moscow/?l=trf&ll=37.464706,55.584530&mode=search&oid=239401271523&ol=biz&z=12.09%20_blank"", ""https://yandex.ru/maps/213/moscow/?l=trf&ll=37.464706,55.584530&mode=search&oid=239401271523&ol=biz&z=12.09%20_blank""]","[{""lon"": 37.464706, ""lat"": 55.58453, ""source"": ""https://yandex.ru/maps/213/moscow/?l=trf&ll=37.464706,55.584530&mode=search&oid=""}, {""lon"": 37.464706, ""lat"": 55.58453, ""source"": ""https://yandex.ru/maps/213/moscow/?l=trf&ll=37.464706,55.584530&mode=search&oid=""}]","Москва, Новомосковский административный округ, район Коммунарка, Зимёнковская улица, 3","Москва, Новомосковский административный округ, район Коммунарка, Зимёнковская улица, 3",Летово,"[37.422576, 55.557587]","{""country"": ""Россия"", ""area"": ""район Коммунарка"", ""street"": ""Зимёнковская улица"", ""house"": ""3""}","Летово Все-таки, я решил сделать страничку про школу Летово, хотя это особый случай. Школа частная и школа платная, и еще как платная. Полная стоимость обучения + пансион + питание + все остальное = от 280 тысяч рублей в месяц. Что вы получаете за эти деньги, я не буду описывать — на сайте школы все изложено очень подробно, ни к чему повторяться. Школа позиционируется как некоммерческий проект, то есть 280 тысяч в месяц — это себестоимость обучения одного ученика. При такой цене (а это в четыре раза дороже, чем платное обучение на самом престижном факультете МГИМО и всего лишь в два с половиной раза дешевле, чем полная стоимость обучения и пансиона в Гарварде) эта школа стала бы закрытым клубом для состоятельных родителей и их детей, и не попала бы в мой список. Если бы не одно НО. Создатель школы, миллиардер Мошкович Вадим Николаевич, декларирует очень амбициозную миссию — любой одаренный ребенок имеет возможность получить образование в школе Летово. Был создан фонд (7 млрд. рублей, на 2023 год — уже больше 10 млрд.), из которого спонсируется полностью или частично обучение детей, исходя из финансового положения их семей. Это так называемое full blind admission. На этапе поступления, до сдачи всех вступительных испытаний и решения о зачислении, у родителей не спрашивают, готовы ли они платить и сколько. После поступления финансовое положение семьи оценивается Сбербанком (по аналогии с ипотечным кредитом) и определяется подъемная месячная сумма оплаты. Остальное платит фонд. Без всякого сарказма, это очень крутая и амбициозная миссия, и на сегодня действительно все работает так. Более 85% получают различные стипендии. Размеры стипендий — коммерческая тайна, но родители говорят, что они платят вполне подъемные деньги. Впрочем, никогда не слышал, чтобы оплата было ноль, хотя на сайте говорится, что таких 20%. Прием действительно происходит по результатам экзаменов, и контингент поступивших силен, уже есть успехи на олимпиадах. Летово переманила ряд очень сильных преподавателей из топовых школ (вызвав их сильное недовольство), привлекая их зарплатами и сильными учениками. Победителей олимпиад также активно приглашают в школу, предлагая «особые условия». Вопрос в том, что будет дальше? 10 млрд. рублей — это, конечно, много, но… . Full blind admission себе могут позволить только богатейшие университеты мира. Даже не первая десятка, а самые-самые, из «лиги плюща», например Гарвард. Первый выпуск школы (90 учеников) прошел в 2021 году. В 2023 году школе исполнилось 5 лет. Смотрим за развитием и верим в школу. Фонды Гарварда, 2 035 000 USD на ученика 100% 100% Фонд Летово, 97 000 USD на ученика (после полного набора) 4% 4% Фонд Гарварда ежегодно пополняется многочисленными богатыми выпускниками, получится ли такая модель у Летово? Сколько лет пройдет, пока такие пополнения начнут поступать? Может случиться так, что деньги фонда закончатся, и придется вкладывать еще, или ограничить стипендии учащимся, что немедленно скажется на качестве студентов. Я искренне желаю успехов этому проекту и надеюсь, что все у школы Летово получится, и в будущем она войдет в российскую «лигу плюща» и будет желанным местом для поступления талантов из России и всего мира. Ну а сейчас, пока проект в процессе становления, создает себе имя, ищет таланты — самое время пробовать поступить. Экзамены по математике там вполне по зубам подготовленному школьнику, скорее английский трудно пройти. Заметьте, вступительные испытания начинаются очень рано, в январе, так что о подготовке нужно подумать заранее. Конкурс оочень большой. Поступление в Летово Особенности приемной компании, сроки, варианты экзаменов, подготовка Основной сайт школы Школа на Яндекс картах",,,,,,,
mathex-shkola-1535,shkola-1535,Школа 1535,Школа 1535 » Лучшие школы Москвы » © Mathex,Школа 1535 - одна из лучших школ Москвы широкого профиля. Лидер рейтинга ДепОбра. » Особенности школы. Поступление в 1535 » . ©Mathex,https://mathex.ru/shkoly/shkola-1535/,mathex,"https://yandex.ru/maps/213/moscow/search/1535/?ll=37.563113,55.727962&amp;sctx=ZAAAAAgBEAAaKAoSCamEJ/T6x0JAETpLHLs83UtAEhIJn+JFpTMolj8RbTu0YpR0fD8iBQABAgQFKAowADj14sDG+pyyu0JA3q0HSAFVzczMPlgAagJydXAAnQHNzEw9oAEAqAEAvQHLkMIOwgEKwNTgkASz0/aGBA==&amp;sll=37.563113,55.727962&amp;sspn=0.024855,0.007980&amp;z=16.31",[],"[""https://yandex.ru/maps/213/moscow/search/1535/?ll=37.563113,55.727962&sctx=ZAAAAAgBEAAaKAoSCamEJ/T6x0JAETpLHLs83UtAEhIJn+JFpTMolj8RbTu0YpR0fD8iBQABAgQFKAowADj14sDG+pyyu0JA3q0HSAFVzczMPlgAagJydXAAnQHNzEw9oAEAqAEAvQHLkMIOwgEKwNTgkASz0/aGBA==&sll=37.563113,55.727962&sspn=0.024855,0.007980&z=16.31"", ""https://yandex.ru/maps/213/moscow/search/1535/?ll=37.563113,55.727962&sctx=ZAAAAAgBEAAaKAoSCamEJ/T6x0JAETpLHLs83UtAEhIJn+JFpTMolj8RbTu0YpR0fD8iBQABAgQFKAowADj14sDG+pyyu0JA3q0HSAFVzczMPlgAagJydXAAnQHNzEw9oAEAqAEAvQHLkMIOwgEKwNTgkASz0/aGBA==&sll=37.563113,55.727962&sspn=0.024855,0.007980&z=16.31""]","[{""lon"": 37.563113, ""lat"": 55.727962, ""source"": ""https://yandex.ru/maps/213/moscow/search/1535/?ll=37.563113,55.727962&sctx=ZAAAA""}, {""lon"": 37.563113, ""lat"": 55.727962, ""source"": ""https://yandex.ru/maps/213/moscow/search/1535/?ll=37.563113,55.727962&sctx=ZAAAA""}]",,,,,,"Школа 1535 Школа 1535 многие годы является неизменным лидером рейтинга Департамента Образования, только изредка уступая первое место (с 2019 года Депобр прекратил расставлять школы по местам, публикует только списком, первые двадцать, первые сто и так далее). Начальных классов нет, набор начинается с седьмого класса, но набор массовый: девять седьмых, пять восьмых, по одному девятому и десятому (информация по набору 2019-2020). В результате, с учетом доборов, школа выпускает до 15 классов в параллели, что делает ее одной из самых больших школ с конкурсным набором. 1535 изначально фокусировалась на гуманитарных предметах: истории, филологии, экономике. Традиционно, школа показывает результаты в олимпиадах именно по этим направлениям. В школе преподается много языков, в том числе китайский, японский, латынь. Позже, в школе стали развивать естественно-научные и физико-математические специализации. На 2020 год, можно сказать, что в школе 1535 любой мотивированный ученик сможет найти подходящую специализацию и получить конкурентоспособные баллы на ЕГЭ. У школы два здания, недалеко друг от друга, поблизости метро Спортивная. В здании на улице Усачева учатся физмат, экономические, ИТ и гуманитарные классы, в здании на Малом Саввинском переулке — классы с медицинской, биологической и психологической специализацией. В целом, список специализаций впечатляет (в скобках даны аббревиатуры классов набора на 2020 год): медико-биологическая (МБ) биолого-математичская (МБМ) гуманитарная (РГС) физмат (РФМ) прикладная математика (РМС) биолого-филологическая (МБЛ) без специализации (БС) В 2023 году список специализаций сократился, остались такие: медико-биологическая (МБ) гуманитарная (РГС) прикладная математика (РМС) Впрочем, набирают несколько классов на каждую специализацию. Такая вот оптимизация. Сложность вступительных испытаний 5 из 10 60% 60% В целом, могу сказать, что школа 1535 отличный выбор для тех, кто ищет широкого, основательного, общеобразовательного уровня подготовки для своего ребенка. Возможно, эта школа не для звезд физмата, но сильное комплексное образование там получить можно. Кроме того, 1535 имеет долгую и успешную историю существования и всегда следовала политике Депобра, соблюдая всяческие стандарты, ФГОСы и другие нормы. Таким образом, школа с уверенностью может смотреть в будущее. Поступление в школу 1535 Особенности приемной компании, сроки, варианты экзаменов, подготовка Официальный сайт школы Школа на Яндекс картах",,,,,,,
mathex-shkola-1543,shkola-1543,Школа 1543,Школа 1543 » Лучшие школы Москвы » © Mathex,"Школа 1543 - одна из лучших школ Москвы с уникальной атмосферой, опытным учителями и внеклассной жизнью. » Особенности школы. Поступление 1543» . ©Mathex",https://mathex.ru/shkoly/shkola-1543/,mathex,http://www.1543.ru/,[],[],[],,,,,,"Школа 1543 Школа 1543 имеет свое неповторимое лицо и дух, во многом определенные ее бессменным с 1975 года директором – Юрием Владимировичем Завельским. К сожалению, он ушел на пенсию в 2019 году, возраст берет свое. Чтобы понять, что за школу он создал, советую посмотреть вот это интервью . Май 2021: Юрия Владимировича не стало… Как много великих ушло за прошедшие два года, тех, кто стоял у истоков… RIP. Из всех топ школ, 1543, наверное, наименее математическая (но призы на олимпиадах по математике, тем не менее, берет регулярно). В школе акцент – на гармоничное и всестороннее развитие ребенка. Всяческие театральные представления, капустники, интеллектуальные марафоны, общешкольная ярмарка, вообще, все, что связанно с творчеством и с коллективной работой — в школе в почете. Наряду с школой Интеллектуал , 1543 — сильнейшая многопредметная школа в Московском образовании. Отдельно, среди сильных предметов, хотел бы отметить биологию и литературу. Математика в школе всегда была на высоком уровне. Всем известный в матобразовании «продвинутый» школьный задачник по математике написан Борисом Петровичем Гейдманом — основателем кафедры математики в школе 1543. Однако, по моему субъективному мнению, последние годы математике в школе уделяют меньше внимания. Можно сказать, что школа устояла перед натиском модных медиа технологий и компьютерного сленга. Это, конечно, не значит, что там тексты на пишущей машинке печатают – школа вполне современная, с новой пристройкой 2015 года, хорошо оборудованная. Кроме грантов Москвы, получает помощь от своих выпускников. Школа 1543 набирает 4 пятых класса. Специализации на этапе приема нет до 8-го класса, когда классы поделятся на историко-филологическое (литература, русский язык, история), биологическое (биология, химия, математика), математическое (математика, физика, основы информатики) и физико-химическое (физика, химия, математика). До этого времени все предметы равны и одинаково важны, программа обучения для всех одна. UPDATE 2024: В школе появился набор в математический 5 класс! Видимо все таки чувствовали проседание по математике… В этот класс специальный отдельный набор и отдельные вступительные испытания. Подробности уточняйте в школе. Особый подход к образовательному процессу делает весь коллектив – и учителей и учеников единым целым, одной командой. Среди топ школ Москвы много таких, где классы индивидуальны, живут своей жизнью, сильна внутренняя конкуренция – все это не про 1543. Сложность вступительных испытаний 6,5 из 10 65% 65% Замечу, что экзамен по русскому языку тоже высокой сложности, и также важен, как математика. За каждый из экзаменов максимум 50 баллов, но есть слухи, что при прочих равных русский главнее. Это не тест, не диктант, это своеобразное изложение, что для четвероклассников сильный вызов. О проблемах: Уход Завельского – это серьезное испытание, ничуть не меньшее, чем уход Овчинникова из Второй школы. Новый директор, Боков Павел Юрьевич, выпускник физфака МГУ, кажется, полон решимости сохранить и приумножить успехи школы, время покажет. Школа 1543 несколько раз отбивалась от присоединения соседней школы 1723 и превращения в холдинг. Отбиться удалось, 1723 присоединили к другой школе. Но, по моему мнению, новые попытки превратить 1543 в холдинг еще впереди. Поступление в школу 1543 Особенности приемной компании, сроки, варианты экзаменов, подготовка Официальный сайт школы Сайт школы Школа на Яндекс картах",,,,,,,
mathex-skola-179,skola-179,Школа 179,Школа 179 » Лучшие школы Москвы » © Mathex,"179 школа - гранд физмат образования в Москве, мечта многих детей и родителей. » Особенности школы. Поступление в 179 школу » © Mathex",https://mathex.ru/shkoly/skola-179/,mathex,https://www.179.ru/,"[""1048812024""]","[""https://yandex.ru/maps/org/gbou_shkola_179/1048812024/?ll=37.614717,55.759651&z=18"", ""https://yandex.ru/maps/org/gbou_shkola_179/1048812024/?ll=37.614717,55.759651&z=18""]","[{""lon"": 37.614717, ""lat"": 55.759651, ""source"": ""https://yandex.ru/maps/org/gbou_shkola_179/1048812024/?ll=37.614717,55.759651&z=""}, {""lon"": 37.614717, ""lat"": 55.759651, ""source"": ""https://yandex.ru/maps/org/gbou_shkola_179/1048812024/?ll=37.614717,55.759651&z=""}]","ул. Большая Дмитровка, 5/6с7, Москва","Москва, улица Большая Дмитровка, 5/6с7",Школа № 179,"[37.614679, 55.759642]","{""country"": ""Россия"", ""locality"": ""Москва"", ""street"": ""улица Большая Дмитровка"", ""house"": ""5/6с7""}","Школа 179 179 школа расположена в самом-самом центре, из окон видны звезды Кремля. 5 минут от Театральной и Охотного ряда – в школу удобно добираться практически из всех районов Москвы. Школа 179 – только для старшеклассников, начальной школы нет. Набирает один инженерный 6 класс (Update 2022 — уже нет, класс переехал в ЦПМ), по одному 7-му, 8-му и 9-му математических класса, и еще 9-й биолого-математический, то есть в параллели к выпуску всего 5 классов. В школе великое множество преподавателей, больше 100, но многие из них работает по совместительству, есть преподаватели из 57 и других школ. Школу часто называют «школой Константинова». Николай Николаевич Константинов, один из виднейших деятелей математического образования, в 70-е годы создавал методику обучения, применяемую в школе до сих пор. Н.Н. Константинов продолжает курировать школу, хоть и не является ее директором. Июль 2021: Николая Николаевича не стало, COVID. Так печально, когда уходят люди, стоявшие у истоков российского образования. RIP. . Интересно, что классы в одной параллели живут своей жизнью – учатся по своим программам и мало общаются между собой. Переход из класса в класс в общем случае невозможен – только поступить на общих основаниях. Руководители набора — те, кто будут вести класс от поступления и до выпуска, определяют программу и методики обучения, известны заранее, до начала приемной компании. При всем при этом школа продолжает быть единым целым — коллективом, средой общения, со своими традициями и ценностями. Приемная компания в школе, вероятно, самая тяжелая и долгосрочная среди лучших школ Москвы. Множество письменных и устных этапов, с отсевом на каждом, начиная с марта и заканчивая в мае. Подробнее об этом тут . Сложность вступительных испытаний 9 из 10 90% 90% 179 школа известна своим особым отношением к математическому анализу (или матану, его обычно начинают преподавать в университете). Этот предмет очень уважаем, на нем делается акцент. Для выпускников школы 179 первый курс института по математике — семечки. Информатика тоже в почете – много домашней работы, причем списать не получится. Если будут замечены аналогичные коды (а они будут замечены), оба нарушителя получат двойку. Школа 179 для: а) способных (другие туда и не попадут) и б) мотивированных детей. Потеря мотивации по тем или иным причинам легко приводит к отчислению, в школе с этим не церемонятся. До выпуска доживают далеко не все. Вне всякого сомнения, школа 179 относится к элитной части лучших математических школ Москвы. Поступить очень трудно, учиться тоже очень трудно. При всем этом, очень немногие из учеников допускают даже намек на мысль о том, чтобы уйти по собственному желанию. Уникальный коллектив, уникальный дух, уникальная мотивация. Поступление в школу 179 Особенности приемной компании, сроки, варианты экзаменов, подготовка Официальный сайт школы Сайт выпускников школы 179 Школа на Яндекс картах",,,,,,,
mathex-skola-2007,skola-2007,Школа 2007,Школа 2007 » Лучшие школы Москвы. © Mathex,Школа 2007 - одна из лучших школ Москвы с конкурсным набором математических классов. Особенности школы. Поступление в школу 2007. ©Mathex,https://mathex.ru/shkoly/skola-2007/,mathex,http://www.fmsh2007.ru/,"[""227457977418""]","[""https://yandex.ru/maps/213/moscow/?l=trf&ll=37.534512,55.544454&mode=search&ol=geo&ouri=ymapsbm1://org?oid=227457977418&z=16.59%20_blank"", ""https://yandex.ru/maps/213/moscow/?l=trf&ll=37.534512,55.544454&mode=search&ol=geo&ouri=ymapsbm1://org?oid=227457977418&z=16.59%20_blank""]","[{""lon"": 37.534512, ""lat"": 55.544454, ""source"": ""https://yandex.ru/maps/213/moscow/?l=trf&ll=37.534512,55.544454&mode=search&ol=g""}, {""lon"": 37.534512, ""lat"": 55.544454, ""source"": ""https://yandex.ru/maps/213/moscow/?l=trf&ll=37.534512,55.544454&mode=search&ol=g""}]","ул. Горчакова, 9, корп. 1, Москва","Москва, улица Горчакова, 9, корп. 1","Школа № 2007, основной корпус","[37.532762, 55.544694]","{""country"": ""Россия"", ""locality"": ""Москва"", ""street"": ""улица Горчакова"", ""house"": ""9, корп. 1""}","Школа 2007 Школа 2007 находится за МКАДом, в Бутово. Однако, она совсем рядом с метро Бутовской линии, поэтому удобна и для тех, кто живет вдоль серой или оранжевых веток метрополитена. 2007 — это настоящая, классическая, сильная физматшкола, специализация всех классов — математика. Сопутствующие естественнонаучные предметы — информатика, физика, химия также «в комплекте» преподаются на достойном уровне. С недавнего времени есть новая специализация — биология (набор в 8 и 9 класс). Категорически неверно воспринимать школу 2007, как середнячка с глубокой окраины. Ученики школы на многих рейтинговых олимпиадах составляют конкуренцию грандам, а по результатам ЕГЭ и результатам поступления в ВУЗы могут дать фору некоторым. Начальной школы нет, обучение начинается с 5 класса. Школа сразу набирает полную параллель — набор ведется в шесть 5-х классов. Такого массового набора в 5-й класс нет ни в одной школе. Плюс 8 и 9 биологические классы. Специально для тех, кого пугает определение «классическая физматшкола»: в школе все вполне динамично и интересно. Коллектив молодой, все время выдумывают что-то новое, стараются сделать обучение нескучным, им это вполне удается. Но работать ученикам придется еще как. Школа организует «свою» олимпиаду (в партнерстве с другими школами) — Турнир Архимеда , которая пользуется популярностью и считается очень престижной, не только среди москвичей. Я бы сказал, что школа по своей философии, отношению к учебному процессу и качеству образования очень напоминает Вторую школу . Просто Вторая несколько престижнее. Сложность вступительных испытаний 6,5 из 10 65% 65% Здания школы находятся неподалеку друг от друга, они достаточно новые и хорошо оборудованные, хотя это и типовые проекты. Недавно появился новый корпус, включающий новые спортивные объекты. О минусах: Все-таки набрать сразу шесть 5-х классов в параллель — это амбициозно. Нужно обеспечить достаточный конкурс среди соискателей, чтобы не набирать по остаточному принципу и сохранить качество учащегося контингента (при этом, школа все-таки находится далеко от многих районов Москвы). Кроме того, нужно обеспечить большую и стабильную команду сильных учителей. Поступление в школу 2007 Особенности приемной компании, сроки, варианты экзаменов, подготовка Официальный сайт школы Сайт друзей школы 2007 Школа на Яндекс картах",,,,,,,
mathex-skola-57,skola-57,Школа 57,Школа 57 » Лучшие школы Москвы » © Mathex,Школа 57 - гранд многопрофильного образования. Олимпиады и лучшие ВУЗы » Особенности школы. Поступление в 57 » . © Mathex,https://mathex.ru/shkoly/skola-57/,mathex,https://www.sch57.ru/,"[""1219664419""]","[""https://yandex.ru/maps/org/gbou_shkola_57/1219664419/?ll=37.605337,55.748508&source=wizbiz_new_map_single&z=18"", ""https://yandex.ru/maps/org/gbou_shkola_57/1219664419/?ll=37.605337,55.748508&source=wizbiz_new_map_single&z=18""]","[{""lon"": 37.605337, ""lat"": 55.748508, ""source"": ""https://yandex.ru/maps/org/gbou_shkola_57/1219664419/?ll=37.605337,55.748508&sou""}, {""lon"": 37.605337, ""lat"": 55.748508, ""source"": ""https://yandex.ru/maps/org/gbou_shkola_57/1219664419/?ll=37.605337,55.748508&sou""}]","Малый Знаменский пер., 7/10с5, Москва","Москва, Малый Знаменский переулок, 7/10с5",Школа № 57,"[37.605125, 55.74858]","{""country"": ""Россия"", ""locality"": ""Москва"", ""street"": ""Малый Знаменский переулок"", ""house"": ""7/10с5""}","Школа 57 57 школа действительно патриарх среди грандов школьного образования Москвы. Основное здание школы на Знаменском переулке было построено еще до революции, в 1901 году. Именно в этом здании учатся старшие классы, в том числе специализированные. Некоторые спецклассы учатся в здании присоединенной 168 школы на Хамовническом валу – уточняйте при поступлении. 5 минут пешком от Кропоткинской, Боровицкой и Арбатской – очень удобное расположение. Школа набирает по конкурсу только 8-е спецклассы, но зато сразу 7 с различной специализацией: гуманитарный, математический, математико-информационный, математико-экономический, биомедицинский, биологический, физико-математический. Традиционно, самым престижным является математический класс. Тем не менее, условия приемной кампании позволяют регистрироваться и сдавать экзамены сразу по нескольким специализациям. Это создает определенную гибкость. Специализированные классы – это «школа в школе». У 57 есть набор по территориальному принципу в 1-е классы (пять классов в параллели на сегодня). Младшие классы учатся в третьем здании в Хользуновом переулке. Есть доборы и 5, 6 классах. Но нужно понимать — настоящая 57 начинается со 8-х спецклассов. Набор в специализированные классы идет с нуля, у учеников параллели текущих 7-х классов нет никакого преимущества в поступлении. Фактически, сосуществуют две разных организации — условно назовем их «57-я школа» и «спецклассы при 57-й школе» Сложность вступительных испытаний 8 из 10 80% 80% Пятьдесят седьмой школе 138 лет, и уже не один десяток лет она — одна из самых известных московских математических школ. За свою долгую историю школа 57 не раз показывала, что ее ученики способны брать очень высокую планку. 15 учеников школы в разные годы были победителями международных олимпиад сначала в сборной СССР, а потом и России. Каждый год ученики 57 школы завоевывают многочисленные дипломы ВОШ. Минусы: В 2016 году школу сотряс скандал. Не хочется об этом писать, но из песни слов не выкинешь, подробности в гугле. Закончилось все увольнением директора школы. На его место пришел Случ Михаил Ильич из Сириуса. При нем школа ожила, стала возвращать утерянные было позиции. Однако, в 2020 году Случ перешел в лицей Вторая школа, теперь у 57 школы новый директор, из ничем не примечательного общеобразовательного комплекса. У многих родителей, учеников и преподавателей это вызывает понятные опасения. Я очень надеюсь, что 57 школа и при новом директоре останется верна своим традициям, сохранит свою силу и топовое место в иерархии московских школ, которое она по праву занимает уже много лет. UPDATE 2023. 57 школа по прежнему 57 школа. Те же спецклассы, тот же конкурентный набор, те же сильные стороны. По прежнему, это топ школа, и, по-прежнему, одна из самых престижных. Поступление в 57 школу Особенности приемной компании, сроки, варианты экзаменов, подготовка Официальный сайт школы Сайт 57 школы Школа на Яндекс картах",,,,,,,
mathex-skola-cpm,skola-cpm,ЦПМ,ЦПМ » Mathex,,https://mathex.ru/shkoly/skola-cpm/,mathex,https://xn----7sb3aehik9cm.xn--p1ai/,[],[],[],,,,,,"ЦПМ Центр Педагогического Мастерства (он же ЦПМ) существовал уже давно. Под этим мудреным названием скрывается структура, занима ющаяся подготовкой школьников, входящих в сборную Москвы, к олимпиадам высокого уровня. Препо дают там лучшие учителя, тренеры сборной, сотрудники лучших топ школ. И вот 2020 году (на самом деле несколько раньше, но не суть) родилась школа ЦПМ, получив собственное здание на Олимпийском проспекте. Она входит в структуру ДепОбра Москвы, то есть соответствует всем требованиям к школьному образованию, выдает аттестаты государственного образца. Школа молодая, но тем не менее быстро заняла особое, даже уникальное место в системе Московского среднего образования, и пользуется мн огими привилегиями, о которым другим можно только мечтать. Во-первых, она платная. Но при этом для разных детей по-разному. Если школа Летово ориентируется на доход семьи, предоставляя гранты поступившим, то ЦПМ — на результаты учеников. Особо одаренные учатся полностью бесплатно, другие имеют скидки 50-70%, остальные платят полностью. Для москвичей часть стоимости компенсирует город. Во-вторых, в ней доступны варианты дистанционного (заочного) обучения. В-третьих, в ней необычная структура и состав учителей. Есть тьюторы (а-ля классные руководители, которые при этом ничем, кроме этого, не занимаются, уроков не ведут). Есть сильная служба психологов. Вообще, школа устроена так, что “отправил ребенка и забыл” — его и научат, и накормят, и проконтролируют. В школе разумеется обучают и готовят к олимпиадам не только по математике. Тут и информатика, и физика, химия, биология, лингвистика, история, право, экономика, иностранные языки (даже специальный китайский класс). Ученики школы ЦПМ регулярно показывают выдающиеся результаты: Ежегодно десятки призёров и победителей заключительного этапа ВсОШ. Золотые и серебряные медали международных олимпиад. Рейтинги: Школа входит в ТОП-5 московских школ по количеству олимпиадных достижений (вообще-то №1). Сложность вступительных испытаний 7 из 10 70% 70% Школа разрослась, и на 2025 год у нее четыре локации (кампуса), в каждом свои особенности: Главный кампус на Олимпийском проспекте (в 2026 он временно или постоянно, пока непонятно, переедет в другое здание, где-то неподалеку, пока у меня нет информации) — именно там учатся математики Хамовнический вал (разные классы, небольшое здание) Воронцово Поле (главным образом там гуманитарии) Смольная улица (так называемый ЩЦПМ, там есть общежитие постоянного проживания для иногородних) Цены обучения зависят от локации, от предмета, и еще от многих других факторов. От нуля (для супер одаренных) до 100 тыщ.в месяц, данные на 2025. ВНИМАНИЕ! Школа быстро растет и меняется, информация может устаревать. У школы ЦПМ информативный сайт , актуальная инфомация там. Школа ЦПМ — это место, где собираются будущие победители олимпиад будущие студенты ведущих ВУЗов России и за рубежем, получающие мощную поддержку от лучших педагогов Москвы. Поступление в школу ЦПМ Особенности приемной компании, сроки, варианты экзаменов, подготовка Официальный сайт школы Школа на Гугл картах",,,,,,,
mathex-vorobgory,vorobgory,Лицей Воробьевы Горы,Лицей Воробьевы Горы » Лучшие школы Москвы » © Mathex,Лицей Воробьевы Горы - одна из лучших физмат школ Москвы. Акцент на олимпиады. Поступление в лучшие ВУЗы . » Особенности лицея. Поступление в лицей » . ©Mathex,https://mathex.ru/shkoly/vorobgory/,mathex,"https://yandex.ru/maps/org/gbpou_litsey_vorobyevy_gory_fiziko_matematicheskoye_otdeleniye/95372571540/?l=trf&amp;ll=37.605149,55.718917&amp;oid=95372571540&amp;ol=biz&amp;z=16","[""95372571540""]","[""https://yandex.ru/maps/org/gbpou_litsey_vorobyevy_gory_fiziko_matematicheskoye_otdeleniye/95372571540/?l=trf&ll=37.605149,55.718917&oid=95372571540&ol=biz&z=16"", ""https://yandex.ru/maps/org/gbpou_litsey_vorobyevy_gory_fiziko_matematicheskoye_otdeleniye/95372571540/?l=trf&ll=37.605149,55.718917&oid=95372571540&ol=biz&z=16""]","[{""lon"": 37.605149, ""lat"": 55.718917, ""source"": ""https://yandex.ru/maps/org/gbpou_litsey_vorobyevy_gory_fiziko_matematicheskoye_o""}, {""lon"": 37.605149, ""lat"": 55.718917, ""source"": ""https://yandex.ru/maps/org/gbpou_litsey_vorobyevy_gory_fiziko_matematicheskoye_o""}]","Донская ул., 37, Москва","Москва, Донская улица, 37","Воробьевы горы, корпус № 1","[37.604861, 55.718976]","{""country"": ""Россия"", ""locality"": ""Москва"", ""street"": ""Донская улица"", ""house"": ""37""}","Лицей Воробьевы Горы Лицей Воробьевы Горы раньше управлял кружками на базе Московского Дома Пионеров, с очень широкой специализацией, от вышивания до астрономии. Потом он трансформировался в общеобразовательное учреждение ГБПОУ «Воробьевы горы» . Сильные физические и математические спецклассы с отдельным набором базируются в двух локациях: Донская 37 (м. Шаболовская) и Новоясеневская 30-3, именно на них заострим внимание. В 2017 команда физиков в главе с Илье Владимировичем Лукьяновым, тренером сборной Москвы по физике, преподавателем в ЦПМ, вообщем, заметной фигурой в московской олимпиадной физике начала сотрудничество с лицеем и получила возможность набирать конкурсные физические классы в здании на Донской (3 минуты от метро Шаболовка). Ряд олимпиадников из разных школ пришли в лицей вместе с Лукьяновым, так что школа сходу начала показывать результаты на олимпиадах по физике. В 2020 году случилось заметное событие на полях математического образования Москвы: после восьми лет успешного сотрудничества со школой 1329, команда Дмитрия Александровича Коробицина ушла из школы, и существенная часть учеников ФМ классов ушла из школы вслед за ним. Новым местом базирования ФМ классов Коробицина стало отделение на Донской лицея Воробьевы горы. Таким образом, в лицее собрались две очень сильных команды по олимпиадным физике и математике, а также очень сильный состав классов. В класах заранее определенные преподаватели по спецпредметам, в основном с Мехмата МГУ . Очень высокая планка по олимпиадной математике и физике. Физика, химия, информатика с 6 класса. При отъездах на турниры и олимпиады, которые происходят несколько раз в год – некоторые поблажки по остальным предметам, режим благоприятствования со стороны руководства. Сложность вступительных испытаний 8 из 10 80% 80% Конечно, пока этот структура совсем новая. Как она будет развиваться и удастся ли ей вообще выжить — неизвестно. Печальный пример расформирования ФМ классов и разрыв сотрудничества команды Коробицина (а несколько лет назад — и команды Лукьянова) со школой 1329 показывает все риски такой модели образования. Кроме того, здание на Донской небольшое и не совсем приспособлено под школьную жизнь. Ранее оно использовалось под кружки, поэтому каких-то элементов школьной инфраструктуры будет не хватать. Я очень надеюсь, что этот новый проект станет успешным, что чиновники позволят ему существовать и развиваться, и что команды Коробицина и Лукьянова смогут совместно создать сообщество физмат классов высокого уровня. На 2023 год структура классов и набор в них еще не сформировался, перемены происходят каждый год. Есть ощущение, что классы на Донской и на Новоясеневской живут сами по себе, у каждого из этих классов свои руководители и преподаватели и свои критерии набора. Сейчас набор выглядит так: 3 и 4 физмат класс в Ясенево (появился совсем недавно), 5 маткласс на Донской и в Ясенево, 6 физкласс на Донской. В целом, набор маленький. Но тем не менее, лицей Воробьевы горы дает возможность поступать в физмат спецклассы очень высокого, олимпиадного уровня. Поступление в лицей Воробьевы горы Особенности приемной компании, сроки, варианты экзаменов, подготовка Сайт отделения на Донской Официальный сайт школы Школа на Яндекс картах",,,,,,,
mathex-vtoraya-shkola,vtoraya-shkola,Лицей Вторая школа,Лицей Втора шклола » Лучшие школы Москвы » © Mathex,Лицей Вторая Школа - гранд физмат образования в Москве. Особенности школы. Поступление в Лицей Вторая школа » © Mathex,https://mathex.ru/shkoly/vtoraya-shkola/,mathex,https://sch2.ru/,"[""1023847072""]","[""https://yandex.ru/maps/org/litsey_vtoraya_shkola/1023847072"", ""https://yandex.ru/maps/org/litsey_vtoraya_shkola/1023847072""]",[],"ул. Фотиевой, 18, Москва","Москва, улица Фотиевой, 18",Вторая школа,"[37.556392, 55.697996]","{""country"": ""Россия"", ""locality"": ""Москва"", ""street"": ""улица Фотиевой"", ""house"": ""18""}","Лицей Вторая школа Лицей Вторая Школа — один из старейших математических лицеев Москвы с традициями, прекрасными учителями и особой атмосферой. Начальной школы в лицее Вторая школа (кратко Л2Ш) нет. Набор только по конкурсу в три 6-х и два 7-х класса, в старшие классы — только доборы. Специализация у классов одна у всех – математика, хотя школа старается дать образование на достойном уровне и по другим предметам. В школе 6-и дневка (как и в абсолютном большинстве топ школ, кстати). Регулярно ученики школы – в призерах и победителях топовых олимпиад по математике, физике, информатике. Например, в 2019 году на Всероссийской олимпиаде ученики лицея получили 47 дипломов, в 2023 уже 88!. Впечатляет. Однако, олимпиады не являются высшим приоритетом в обучении. Участие в них добровольное и не является частью образовательного процесса или доминирующим критерием успеха. При том, что профиль школы физико-математический, ее учащиеся берут призы и на олимпиадах по географии, литературе, истории, иностранным языкам и другим, казалось бы, непрофильным предметамм Интересная особенность Л2Ш в том, что там примерно равное количество девочек и мальчиков, в отличие от остальных математических школ. Так случилось сегодня, что большая часть математиков – мальчики. Это нигде не декларируется, но возможно девочкам при поступлении во Вторую школу делают некие поблажки. А может формат и содержание вступительных испытаний подходит для девичьих умов. Точно не знаю, это мои догадки. Сложность вступительных испытаний 8 из 10 80% 80% До 2020 года директором школы был авторитетнейший Владимир Фёдорович Овчинников , фактически создатель Л2Ш. Ему уже за 90, поэтому в 2020 он ушел на пенсию, для школы это серьезное испытание. Если вы обойдете здание Второй школы (а у нее единственное здание), вы увидите огромный дуб с табличкой, что его посадил сам Владимир Федорович. При нем школа создавалась, пережила взлет и золотой век, опалу и расформирование, и вновь возрождение. Ноябрь 2020: Владимира Федоровича не стало, COVID. Великий человек, так много сделал для математического образования. RIP. Сейчас школа официально называется Лицей «Вторая школа» имени В. Ф. Овчинникова. Тем, кто хочет понять дух Второй школы, советую посмотреть две серии фильма: Серия 1 и Серия 2 . Это не хвалебный пассаж об успехах Л2Ш. Это ностальгический рассказ о свободе, таланте, предательстве и испытаниях. И, конечно, об образовании и его роли в жизни. Пару слов о проблемах Л2Ш. За последние годы лицей потерял несколько ключевых преподавателей, перешедших в открывшиеся коммерческие школы – Новую школу и Летово, равноценную замену быстро найти не получается, поэтому новым классам может достаться «кот в мешке». На смену Овчинникову пришел директор 57 школы Случ Михаил Ильич. Будем верить, что он поможет школе справиться с новыми вызовами. UPDATE 2023: Судя по результатам ВОШ 2023 , школа не только справилась, но и сделала весомые шаги вперед. Лицей «Вторая школа» — топовая математическая школа. Поступить в лицей Вторая школа – трудно, а учиться почетно. Но для тех, у кого есть мотивация, готовность развивать свои способности, и кто серьезно и планомерно готовится – нет ничего невозможного. Поступление в лицей Вторая школа Особенности приемной компании, сроки, варианты экзаменов, подготовка Официальный сайт школы Основной сайт школы Школа на Яндекс картах",,,,,,,
mathex-univ-gymnasium-msu,,Университетская гимназия МГУ,,"Другие топ физмат школы Москвы » © Mathex Меню Главная Школы Лучшие школы Москвы Что такое топ школы Как выбрать школу Поступление Поступление. Алгоритм действий Набор в школы по классам Кружки при школах Подготовка Кого и чему я учу Как все устроенно Стоимость О себе FAQ Блог Контакты Меню Вторая Школа 179 57 2007 ЦПМ Интеллектуал 1543 1533 ЛИТ 1535 Летово 1580 Другие Другие школы Какие-то школы я не включил в основной список и даю краткую информация по ним ниже. Какие-то я не упоминаю совсем. Это вовсе не потому, что эти школы хуже. Причины могут быть разные: Школа набирает только в 9 или более старшие классы. Например СУНЦ МГУ или Лицей ВШЭ У меня нет достоверной информации об этой школе. Просто копировать информацию из интернета желания нет, с этим родители могут справиться самостоятельно. В основном, это касается школ удаленных территориально от Юго-Запада, например, школа 1568, школа 444, физтех-лицей в Долгопрудном, Курчатовская школа В школу нет регулярного и прогнозируемого набора в новые классы. Готовиться год и попасть на непрозрачный добор на несколько свободных мест в классе, полагаю, никому не хочется. Например, таинственная школа 1589 Профиль школы по тем или иным причинам не подходит Либо она чисто гуманитарная, например Шуваловская гимназия (французский, право) или школа 1253 имени Сервантеса (испанский), либо она физмат, но с особыми ограничениями, например Университетская гимназия МГУ В любом случае, я не претендую на абсолютную истину в оценке и выборе лучших школ Москвы, не хочу приуменьшить или, наоборот, преувеличить успехи той или иной школы. Выбор в любом случае за ребенком и родителями, вы можете его сделать с моей помощью или без. Но какой-бы он ни был — впереди серьезная подготовка и конкурентные экзамены! Итак, о ком мне еще бы хотелось рассказать: Воробьевы Горы маткласс на Донской Проект 2*2 Университетская гимназия МГУ Школа 1568 имени Пабло Неруды Школа 1534 Школа 1514 Силаэдр Курчатовская школа Остальные школы Воробьевы Горы маткласс на Донской Лицей Воробьевы Горы раньше управлял кружками на базе Московского Дома Пионеров, с очень широкой специализацией, от вышивания до астрономии. Потом он трансформировался в общеобразовательное учреждение ГБПОУ «Воробьевы горы» . Сильный математический спецкласс с отдельным набором базируется на ул. Донская 37 (м. Шаболовская), именно на нем заострим внимание. В 2020 году случилось заметное событие на полях математического образования Москвы: после восьми лет успешного сотрудничества со школой 1329, команда Дмитрия Александровича Коробицина ушла из школы, и существенная часть учеников ФМ классов ушла из школы вслед за ним. Новым местом базирования ФМ классов Коробицина стало отделение на Донской лицея Воробьевы горы. Таким образом, в лицее появился очень сильный класс и очень сильный преподавательский состав. В класах преподают в основном бывшие выпускники Мехмата МГУ . Очень высокая планка по олимпиадной математике. Физика, химия, информатика с 6 класса. При отъездах на турниры и олимпиады, которые происходят несколько раз в год – некоторые поблажки по остальным предметам, режим благоприятствования со стороны руководства. Набор в класс продолжился и после 2020, но в последние годы, как мне кажется, проект не развивается так, как хотелось бы. Дмитрий Александрович сосредоточился главным образом на выездных математический лагерях, сильные школьники переходят в ЦПМ и Л2Ш. Что-же, мне жаль, что пока так все получается. Время покажет. Проект 2*2 Проект 2*2 — пионерский в создании партнерской модели образования. Суть модели такая: команда сильных преподавателей заключает партнерские соглашения с какой-либо общеобразовательной школой или целым холдингом. Команда создает один или несколько классов на базе конкурсного отбора, с сильной подготовкой и делегирует учеников на всевозможные олимпиады. Школа получает добавок к рейтингу, а команда — площадку для работы. Существенной частью проекта являются и кружки, математические лагеря и олимпиады. Создатель, вдохновитель и глава проекта — Елена Юрьевна Иванова — известный и уважаемый преподаватель, автор учебников и задачников. Однако, эта партнерская модель имеет свои риски. Особенно с учетом тенденций в российском школьном образовании. Дело в том, что если или руководство школы, или концепция школы меняется, классы 2*2 становятся «лишними», и им приходится искать новую школу и начинать многое сначала. Так, в 2020 году 2*2 расстался со своей «базовой» школой — 1329, и коллектив мигрировал в разных направлениях. К уже существующим классам в школах 1210 , 444 , 2086 добавились классы в школах 1273 и Покровский квартал . Уход из 1329 был, видимо, болезненным для проекта. Но зато география школ расширилась. В любом случае, проект 2*2 имеет долгую и успешную историю, преподаватели там замечательные. Следите за сайтом 2*2 в феврале — марте, чтобы не пропустить регистрацию в различные школы. Обращайте внимание на НАБОР в новые классы. ДОБОР — не тот процесс, чтобы на него делать главную ставку. Университет",https://mathex.ru/shkoly/drugie-top-school/,mathex,,"[""12838115907""]",,,,,,,,"Другие топ физмат школы Москвы » © Mathex Меню Главная Школы Лучшие школы Москвы Что такое топ школы Как выбрать школу Поступление Поступление. Алгоритм действий Набор в школы по классам Кружки при школах Подготовка Кого и чему я учу Как все устроенно Стоимость О себе FAQ Блог Контакты Меню Вторая Школа 179 57 2007 ЦПМ Интеллектуал 1543 1533 ЛИТ 1535 Летово 1580 Другие Другие школы Какие-то школы я не включил в основной список и даю краткую информация по ним ниже. Какие-то я не упоминаю совсем. Это вовсе не потому, что эти школы хуже. Причины могут быть разные: Школа набирает только в 9 или более старшие классы. Например СУНЦ МГУ или Лицей ВШЭ У меня нет достоверной информации об этой школе. Просто копировать информацию из интернета желания нет, с этим родители могут справиться самостоятельно. В основном, это касается школ удаленных территориально от Юго-Запада, например, школа 1568, школа 444, физтех-лицей в Долгопрудном, Курчатовская школа В школу нет регулярного и прогнозируемого набора в новые классы. Готовиться год и попасть на непрозрачный добор на несколько свободных мест в классе, полагаю, никому не хочется. Например, таинственная школа 1589 Профиль школы по тем или иным причинам не подходит Либо она чисто гуманитарная, например Шуваловская гимназия (французский, право) или школа 1253 имени Сервантеса (испанский), либо она физмат, но с особыми ограничениями, например Университетская гимназия МГУ В любом случае, я не претендую на абсолютную истину в оценке и выборе лучших школ Москвы, не хочу приуменьшить или, наоборот, преувеличить успехи той или иной школы. Выбор в любом случае за ребенком и родителями, вы можете его сделать с моей помощью или без. Но какой-бы он ни был — впереди серьезная подготовка и конкурентные экзамены! Итак, о ком мне еще бы хотелось рассказать: Воробьевы Горы маткласс на Донской Проект 2*2 Университетская гимназия МГУ Школа 1568 имени Пабло Неруды Школа 1534 Школа 1514 Силаэдр Курчатовская школа Остальные школы Воробьевы Горы маткласс на Донской Лицей Воробьевы Горы раньше управлял кружками на базе Московского Дома Пионеров, с очень широкой специализацией, от вышивания до астрономии. Потом он трансформировался в общеобразовательное учреждение ГБПОУ «Воробьевы горы» . Сильный математический спецкласс с отдельным набором базируется на ул. Донская 37 (м. Шаболовская), именно на нем заострим внимание. В 2020 году случилось заметное событие на полях математического образования Москвы: после восьми лет успешного сотрудничества со школой 1329, команда Дмитрия Александровича Коробицина ушла из школы, и существенная часть учеников ФМ классов ушла из школы вслед за ним. Новым местом базирования ФМ классов Коробицина стало отделение на Донской лицея Воробьевы горы. Таким образом, в лицее появился очень сильный класс и очень сильный преподавательский состав. В класах преподают в основном бывшие выпускники Мехмата МГУ . Очень высокая планка по олимпиадной математике. Физика, химия, информатика с 6 класса. При отъездах на турниры и олимпиады, которые происходят несколько раз в год – некоторые поблажки по остальным предметам, режим благоприятствования со стороны руководства. Набор в класс продолжился и после 2020, но в последние годы, как мне кажется, проект не развивается так, как хотелось бы. Дмитрий Александрович сосредоточился главным образом на выездных математический лагерях, сильные школьники переходят в ЦПМ и Л2Ш. Что-же, мне жаль, что пока так все получается. Время покажет. Проект 2*2 Проект 2*2 — пионерский в создании партнерской модели образования. Суть модели такая: команда сильных преподавателей заключает партнерские соглашения с какой-либо общеобразовательной школой или целым холдингом. Команда создает один или несколько классов на базе конкурсного отбора, с сильной подготовкой и делегирует учеников на всевозможные олимпиады. Школа получает добавок к рейтингу, а команда — площадку для работы. Существенной частью проекта являются и кружки, математические лагеря и олимпиады. Создатель, вдохновитель и глава проекта — Елена Юрьевна Иванова — известный и уважаемый преподаватель, автор учебников и задачников. Однако, эта партнерская модель имеет свои риски. Особенно с учетом тенденций в российском школьном образовании. Дело в том, что если или руководство школы, или концепция школы меняется, классы 2*2 становятся «лишними», и им приходится искать новую школу и начинать многое сначала. Так, в 2020 году 2*2 расстался со своей «базовой» школой — 1329, и коллектив мигрировал в разных направлениях. К уже существующим классам в школах 1210 , 444 , 2086 добавились классы в школах 1273 и Покровский квартал . Уход из 1329 был, видимо, болезненным для проекта. Но зато география школ расширилась. В любом случае, проект 2*2 имеет долгую и успешную историю, преподаватели там замечательные. Следите за сайтом 2*2 в феврале — марте, чтобы не пропустить регистрацию в различные школы. Обращайте внимание на НАБОР в новые классы. ДОБОР — не тот процесс, чтобы на него делать главную ставку. Университетская гимназия МГУ Университетская гимназия МГУ появилась совсем недавно, в 2016. Располагается в абсолютно новых роскошных зданиях университетского городка по другую сторону Ломоносовского от главного здания МГУ, рядом метро Университет. В школе есть полноценный пансионат, на полную неделю. Обучение, проживание и питание в гимназии бесплатное. Помимо старших, гимназия набирает 3 восьмых класса. Несмотря на недавнее открытие, ученики гимназии уже среди победителей рейтинговых олимпиад. Просто идеальные условия, школа — мечта. Гимназия создана прежде всего для талантов из регионов. Не уверен, что москвичам туда вход закрыт, не знаю. Знаю, что организация образовательного процесса требует проживания учеников в кампусе, без исключений. Москвичам придется конкурировать за поступление с самыми сильными ребятами из разных концов России, куда представители гимназии выезжают каждый год вербовать лучших, а это будет очень трудно. Школа 1568 имени Пабло Неруды Школа 1568 расположена в Медведково и является чуть ли не единственной сильной школой Северо-Востока Москвы, поэтому желающих поступить туда много. Школа — большой холдинг, в ней много классов в параллели начиная с первого. Однако, в 5 — 11 классах есть дополнительный набор. Это могут быть несколько классов в параллель «с нуля», например два пятых класса. Также, может быть добор в существующие классы. Школа действительно одна из лучших, с учетом ее монополистического положения на Северо-Востоке, конкурс высокий, проходят самые мотивированные и одаренные. Я сожалею, что у меня не так много информации про школу, так как она безусловно заслуживает быть в списке лучших. Надеюсь, что когда-нибудь мой ученик поступит туда, и получится написать о школе 1568 подробнее. Школа 1534 Основной набор в школу 1534 в пятые классы. 1534 — холдинг, много начальных классов, но и набор в спецклассы достаточно большой: 3-5 классов. Прежде всего, это математические специализация, есть также биомат и гуманитарный. У школы аж шесть зданий плюс три корпуса начальной школы, все они компактно расположены между метро Профсоюзная и Академическая. Вступительная компания в школе организована своеобразно: в марте проводится Открытая многопредметная олимпиада «Весна-1534». По ее результатам и формируются классы. Это, пожалуй, единственная сильная школа, в которой вступительные испытания организованы в один этап. Это несколько странно, но, с другой стороны, можно использовать «Весну 1534» в качестве запасного варианта. Не отвлекаясь от многоступенчатой вступительной эпопеи в топ физмат школы, написать хорошо олимпиаду и пойти в 1534, если постигнет неудача в других направлениях. При этом я ни в коем случае не предлагаю смотреть на школу 1534 как на «запасной вариант» или «трамплин» для поступления в Вторую школу или школу 57 в будущем. Школа дает сильную подготовку сама по себе, имеет достижения на рейтинговых олимпиадах, показывает очень высокий процент поступления в лучшие московские ВУЗы. Так что поступайте и учитесь, уверен, вы не будете разочарованы. Школа 1514 Школа 1514 — еще один гигантский холдинг (16 5-х классов в параллели), бывший когда-то, до эпохи слияний и поглощений, сильной гимназией 1514. Периодически (но не всегда) добирает один — два дополнительных гимназических класса, из своих лучших учеников + соискатели «со стороны». Школа сохранила костяк гимназического преподавательского коллектива, классы получаются сильными. Главная проблема в нерегулярности и непрозрачности набора. Почти каждый год меняются правила игры, нет ясности, сколько человек в какой класс будут набирать, в какую локацию. Так что акцентированную подготовку проводить сложно. Силаэдр Силаэдр — относительно новый проект физмат класса на базе химического лицея имени маршала Чуйкова. Один из немногих на юго-востоке Москвы. Силаэдр проводит набор в 5 класс (сам химический лицей набирает только старшие классы, 9+). Очень интересный проект, очень молодая команда учителей, у всех пока горят глаза. Правда, в 2024 проект покинула его создатель и вдохновитель, однако, насколько я знаю, на организацию обучения в классе это не повлияло. Да и сам проект очень молод, стартовал в 2016 году, первый выпуск в 2022. Время покажет, как у них пойдут дела, но на 2025 год — многообещающая структура с большим потенциалом. Отдельно хочу сказать о вступительной математике — она НЕРЕАЛЬНО сложная. Понятно, что никто все решить не может (я лично не знаю ни одного четвероклассника, способного решить последнюю задачу в их вступительном, хотя я знаю далеко не середнячков), проходной балл — обычно в районе половины задач. Класс я однозначно рекомендую, особенно для юго-востока. Своего нормального сайта у них, информацию о приеме и ДОД ищите на сайте школы имени Чуйкова. Курчатовская школа Курчатовская школа — наряду со школой 1210 — лучший территориально вариант для Севера-Запада Москвы, в частности Строгино. Конкурсные физико-математические классы обучаются в отдельном корпусе ФМО на Маршала Василевского, 9. Набор в 5-е и 10-й классы, в остальные только добор. Экзамены в целом вполне по зубам подготовленному четверокласснику, правда придется расширить знания по школьной программе, так как школа не стесняется давать задачки по отдельным темам пятого класса. Курчатовская школа проводит традиционную олимпиаду в феврале, на которую стоит сходить, чтобы попробовать свои силы. Вступительные экзамены в апреле. Хорошая, добротная школа, кружки, организация на уровне. Хотя в элиту матшкол Москвы все же наверное не входит. Остальные школы На самом деле в Москве много достойных школ и классов с конкурентным набором «со стороны» (что, с моей точки зрения, отличает сильную школу от просто перетасованных классов, гордо носящих имя Матвертикаль). То, что их нет в моем обзоре не означает, что они плохие. Просто я о них очень мало знаю. 67 школа на Кутузовском, лицей в Одинцово, Физтехлицей в Долгопрудном, и так далее, и так далее. Я приношу извинения таким классам и школам, что вы не попали в мой список. Если вы считаете, что о вас мне следует написать отдельную страничку — что-же, свяжитесь со мной, расскажите о себе, покажите свои вступительные. И я с удовольствием вас добавлю. Набор в школу по профилю происходит в пятые и восьмые классы. Раньше было два новых пятых класса, сейчас возможно расширение набора после объединения. Экзамены обычно проходят в апреле-мае в виде олимпиад по математике, русскому, английскому и метапредметное испытание. Нельзя сказать, что школа сильно выступает на олимпиадах, но образование добротное и широкое. Есть гуманитарное, математическое, физическое и биологическое направления. Меню",,,,,,,
mathex-school-1568,,Школа 1568 имени Пабло Неруды,,"Другие топ физмат школы Москвы » © Mathex Меню Главная Школы Лучшие школы Москвы Что такое топ школы Как выбрать школу Поступление Поступление. Алгоритм действий Набор в школы по классам Кружки при школах Подготовка Кого и чему я учу Как все устроенно Стоимость О себе FAQ Блог Контакты Меню Вторая Школа 179 57 2007 ЦПМ Интеллектуал 1543 1533 ЛИТ 1535 Летово 1580 Другие Другие школы Какие-то школы я не включил в основной список и даю краткую информация по ним ниже. Какие-то я не упоминаю совсем. Это вовсе не потому, что эти школы хуже. Причины могут быть разные: Школа набирает только в 9 или более старшие классы. Например СУНЦ МГУ или Лицей ВШЭ У меня нет достоверной информации об этой школе. Просто копировать информацию из интернета желания нет, с этим родители могут справиться самостоятельно. В основном, это касается школ удаленных территориально от Юго-Запада, например, школа 1568, школа 444, физтех-лицей в Долгопрудном, Курчатовская школа В школу нет регулярного и прогнозируемого набора в новые классы. Готовиться год и попасть на непрозрачный добор на несколько свободных мест в классе, полагаю, никому не хочется. Например, таинственная школа 1589 Профиль школы по тем или иным причинам не подходит Либо она чисто гуманитарная, например Шуваловская гимназия (французский, право) или школа 1253 имени Сервантеса (испанский), либо она физмат, но с особыми ограничениями, например Университетская гимназия МГУ В любом случае, я не претендую на абсолютную истину в оценке и выборе лучших школ Москвы, не хочу приуменьшить или, наоборот, преувеличить успехи той или иной школы. Выбор в любом случае за ребенком и родителями, вы можете его сделать с моей помощью или без. Но какой-бы он ни был — впереди серьезная подготовка и конкурентные экзамены! Итак, о ком мне еще бы хотелось рассказать: Воробьевы Горы маткласс на Донской Проект 2*2 Университетская гимназия МГУ Школа 1568 имени Пабло Неруды Школа 1534 Школа 1514 Силаэдр Курчатовская школа Остальные школы Воробьевы Горы маткласс на Донской Лицей Воробьевы Горы раньше управлял кружками на базе Московского Дома Пионеров, с очень широкой специализацией, от вышивания до астрономии. Потом он трансформировался в общеобразовательное учреждение ГБПОУ «Воробьевы горы» . Сильный математический спецкласс с отдельным набором базируется на ул. Донская 37 (м. Шаболовская), именно на нем заострим внимание. В 2020 году случилось заметное событие на полях математического образования Москвы: после восьми лет успешного сотрудничества со школой 1329, команда Дмитрия Александровича Коробицина ушла из школы, и существенная часть учеников ФМ классов ушла из школы вслед за ним. Новым местом базирования ФМ классов Коробицина стало отделение на Донской лицея Воробьевы горы. Таким образом, в лицее появился очень сильный класс и очень сильный преподавательский состав. В класах преподают в основном бывшие выпускники Мехмата МГУ . Очень высокая планка по олимпиадной математике. Физика, химия, информатика с 6 класса. При отъездах на турниры и олимпиады, которые происходят несколько раз в год – некоторые поблажки по остальным предметам, режим благоприятствования со стороны руководства. Набор в класс продолжился и после 2020, но в последние годы, как мне кажется, проект не развивается так, как хотелось бы. Дмитрий Александрович сосредоточился главным образом на выездных математический лагерях, сильные школьники переходят в ЦПМ и Л2Ш. Что-же, мне жаль, что пока так все получается. Время покажет. Проект 2*2 Проект 2*2 — пионерский в создании партнерской модели образования. Суть модели такая: команда сильных преподавателей заключает партнерские соглашения с какой-либо общеобразовательной школой или целым холдингом. Команда создает один или несколько классов на базе конкурсного отбора, с сильной подготовкой и делегирует учеников на всевозможные олимпиады. Школа получает добавок к рейтингу, а команда — площадку для работы. Существенной частью проекта являются и кружки, математические лагеря и олимпиады. Создатель, вдохновитель и глава проекта — Елена Юрьевна Иванова — известный и уважаемый преподаватель, автор учебников и задачников. Однако, эта партнерская модель имеет свои риски. Особенно с учетом тенденций в российском школьном образовании. Дело в том, что если или руководство школы, или концепция школы меняется, классы 2*2 становятся «лишними», и им приходится искать новую школу и начинать многое сначала. Так, в 2020 году 2*2 расстался со своей «базовой» школой — 1329, и коллектив мигрировал в разных направлениях. К уже существующим классам в школах 1210 , 444 , 2086 добавились классы в школах 1273 и Покровский квартал . Уход из 1329 был, видимо, болезненным для проекта. Но зато география школ расширилась. В любом случае, проект 2*2 имеет долгую и успешную историю, преподаватели там замечательные. Следите за сайтом 2*2 в феврале — марте, чтобы не пропустить регистрацию в различные школы. Обращайте внимание на НАБОР в новые классы. ДОБОР — не тот процесс, чтобы на него делать главную ставку. Университет",https://mathex.ru/shkoly/drugie-top-school/,mathex,https://sch1568.mskobr.ru/,"[""1027737527""]",,,,,,,,"Другие топ физмат школы Москвы » © Mathex Меню Главная Школы Лучшие школы Москвы Что такое топ школы Как выбрать школу Поступление Поступление. Алгоритм действий Набор в школы по классам Кружки при школах Подготовка Кого и чему я учу Как все устроенно Стоимость О себе FAQ Блог Контакты Меню Вторая Школа 179 57 2007 ЦПМ Интеллектуал 1543 1533 ЛИТ 1535 Летово 1580 Другие Другие школы Какие-то школы я не включил в основной список и даю краткую информация по ним ниже. Какие-то я не упоминаю совсем. Это вовсе не потому, что эти школы хуже. Причины могут быть разные: Школа набирает только в 9 или более старшие классы. Например СУНЦ МГУ или Лицей ВШЭ У меня нет достоверной информации об этой школе. Просто копировать информацию из интернета желания нет, с этим родители могут справиться самостоятельно. В основном, это касается школ удаленных территориально от Юго-Запада, например, школа 1568, школа 444, физтех-лицей в Долгопрудном, Курчатовская школа В школу нет регулярного и прогнозируемого набора в новые классы. Готовиться год и попасть на непрозрачный добор на несколько свободных мест в классе, полагаю, никому не хочется. Например, таинственная школа 1589 Профиль школы по тем или иным причинам не подходит Либо она чисто гуманитарная, например Шуваловская гимназия (французский, право) или школа 1253 имени Сервантеса (испанский), либо она физмат, но с особыми ограничениями, например Университетская гимназия МГУ В любом случае, я не претендую на абсолютную истину в оценке и выборе лучших школ Москвы, не хочу приуменьшить или, наоборот, преувеличить успехи той или иной школы. Выбор в любом случае за ребенком и родителями, вы можете его сделать с моей помощью или без. Но какой-бы он ни был — впереди серьезная подготовка и конкурентные экзамены! Итак, о ком мне еще бы хотелось рассказать: Воробьевы Горы маткласс на Донской Проект 2*2 Университетская гимназия МГУ Школа 1568 имени Пабло Неруды Школа 1534 Школа 1514 Силаэдр Курчатовская школа Остальные школы Воробьевы Горы маткласс на Донской Лицей Воробьевы Горы раньше управлял кружками на базе Московского Дома Пионеров, с очень широкой специализацией, от вышивания до астрономии. Потом он трансформировался в общеобразовательное учреждение ГБПОУ «Воробьевы горы» . Сильный математический спецкласс с отдельным набором базируется на ул. Донская 37 (м. Шаболовская), именно на нем заострим внимание. В 2020 году случилось заметное событие на полях математического образования Москвы: после восьми лет успешного сотрудничества со школой 1329, команда Дмитрия Александровича Коробицина ушла из школы, и существенная часть учеников ФМ классов ушла из школы вслед за ним. Новым местом базирования ФМ классов Коробицина стало отделение на Донской лицея Воробьевы горы. Таким образом, в лицее появился очень сильный класс и очень сильный преподавательский состав. В класах преподают в основном бывшие выпускники Мехмата МГУ . Очень высокая планка по олимпиадной математике. Физика, химия, информатика с 6 класса. При отъездах на турниры и олимпиады, которые происходят несколько раз в год – некоторые поблажки по остальным предметам, режим благоприятствования со стороны руководства. Набор в класс продолжился и после 2020, но в последние годы, как мне кажется, проект не развивается так, как хотелось бы. Дмитрий Александрович сосредоточился главным образом на выездных математический лагерях, сильные школьники переходят в ЦПМ и Л2Ш. Что-же, мне жаль, что пока так все получается. Время покажет. Проект 2*2 Проект 2*2 — пионерский в создании партнерской модели образования. Суть модели такая: команда сильных преподавателей заключает партнерские соглашения с какой-либо общеобразовательной школой или целым холдингом. Команда создает один или несколько классов на базе конкурсного отбора, с сильной подготовкой и делегирует учеников на всевозможные олимпиады. Школа получает добавок к рейтингу, а команда — площадку для работы. Существенной частью проекта являются и кружки, математические лагеря и олимпиады. Создатель, вдохновитель и глава проекта — Елена Юрьевна Иванова — известный и уважаемый преподаватель, автор учебников и задачников. Однако, эта партнерская модель имеет свои риски. Особенно с учетом тенденций в российском школьном образовании. Дело в том, что если или руководство школы, или концепция школы меняется, классы 2*2 становятся «лишними», и им приходится искать новую школу и начинать многое сначала. Так, в 2020 году 2*2 расстался со своей «базовой» школой — 1329, и коллектив мигрировал в разных направлениях. К уже существующим классам в школах 1210 , 444 , 2086 добавились классы в школах 1273 и Покровский квартал . Уход из 1329 был, видимо, болезненным для проекта. Но зато география школ расширилась. В любом случае, проект 2*2 имеет долгую и успешную историю, преподаватели там замечательные. Следите за сайтом 2*2 в феврале — марте, чтобы не пропустить регистрацию в различные школы. Обращайте внимание на НАБОР в новые классы. ДОБОР — не тот процесс, чтобы на него делать главную ставку. Университетская гимназия МГУ Университетская гимназия МГУ появилась совсем недавно, в 2016. Располагается в абсолютно новых роскошных зданиях университетского городка по другую сторону Ломоносовского от главного здания МГУ, рядом метро Университет. В школе есть полноценный пансионат, на полную неделю. Обучение, проживание и питание в гимназии бесплатное. Помимо старших, гимназия набирает 3 восьмых класса. Несмотря на недавнее открытие, ученики гимназии уже среди победителей рейтинговых олимпиад. Просто идеальные условия, школа — мечта. Гимназия создана прежде всего для талантов из регионов. Не уверен, что москвичам туда вход закрыт, не знаю. Знаю, что организация образовательного процесса требует проживания учеников в кампусе, без исключений. Москвичам придется конкурировать за поступление с самыми сильными ребятами из разных концов России, куда представители гимназии выезжают каждый год вербовать лучших, а это будет очень трудно. Школа 1568 имени Пабло Неруды Школа 1568 расположена в Медведково и является чуть ли не единственной сильной школой Северо-Востока Москвы, поэтому желающих поступить туда много. Школа — большой холдинг, в ней много классов в параллели начиная с первого. Однако, в 5 — 11 классах есть дополнительный набор. Это могут быть несколько классов в параллель «с нуля», например два пятых класса. Также, может быть добор в существующие классы. Школа действительно одна из лучших, с учетом ее монополистического положения на Северо-Востоке, конкурс высокий, проходят самые мотивированные и одаренные. Я сожалею, что у меня не так много информации про школу, так как она безусловно заслуживает быть в списке лучших. Надеюсь, что когда-нибудь мой ученик поступит туда, и получится написать о школе 1568 подробнее. Школа 1534 Основной набор в школу 1534 в пятые классы. 1534 — холдинг, много начальных классов, но и набор в спецклассы достаточно большой: 3-5 классов. Прежде всего, это математические специализация, есть также биомат и гуманитарный. У школы аж шесть зданий плюс три корпуса начальной школы, все они компактно расположены между метро Профсоюзная и Академическая. Вступительная компания в школе организована своеобразно: в марте проводится Открытая многопредметная олимпиада «Весна-1534». По ее результатам и формируются классы. Это, пожалуй, единственная сильная школа, в которой вступительные испытания организованы в один этап. Это несколько странно, но, с другой стороны, можно использовать «Весну 1534» в качестве запасного варианта. Не отвлекаясь от многоступенчатой вступительной эпопеи в топ физмат школы, написать хорошо олимпиаду и пойти в 1534, если постигнет неудача в других направлениях. При этом я ни в коем случае не предлагаю смотреть на школу 1534 как на «запасной вариант» или «трамплин» для поступления в Вторую школу или школу 57 в будущем. Школа дает сильную подготовку сама по себе, имеет достижения на рейтинговых олимпиадах, показывает очень высокий процент поступления в лучшие московские ВУЗы. Так что поступайте и учитесь, уверен, вы не будете разочарованы. Школа 1514 Школа 1514 — еще один гигантский холдинг (16 5-х классов в параллели), бывший когда-то, до эпохи слияний и поглощений, сильной гимназией 1514. Периодически (но не всегда) добирает один — два дополнительных гимназических класса, из своих лучших учеников + соискатели «со стороны». Школа сохранила костяк гимназического преподавательского коллектива, классы получаются сильными. Главная проблема в нерегулярности и непрозрачности набора. Почти каждый год меняются правила игры, нет ясности, сколько человек в какой класс будут набирать, в какую локацию. Так что акцентированную подготовку проводить сложно. Силаэдр Силаэдр — относительно новый проект физмат класса на базе химического лицея имени маршала Чуйкова. Один из немногих на юго-востоке Москвы. Силаэдр проводит набор в 5 класс (сам химический лицей набирает только старшие классы, 9+). Очень интересный проект, очень молодая команда учителей, у всех пока горят глаза. Правда, в 2024 проект покинула его создатель и вдохновитель, однако, насколько я знаю, на организацию обучения в классе это не повлияло. Да и сам проект очень молод, стартовал в 2016 году, первый выпуск в 2022. Время покажет, как у них пойдут дела, но на 2025 год — многообещающая структура с большим потенциалом. Отдельно хочу сказать о вступительной математике — она НЕРЕАЛЬНО сложная. Понятно, что никто все решить не может (я лично не знаю ни одного четвероклассника, способного решить последнюю задачу в их вступительном, хотя я знаю далеко не середнячков), проходной балл — обычно в районе половины задач. Класс я однозначно рекомендую, особенно для юго-востока. Своего нормального сайта у них, информацию о приеме и ДОД ищите на сайте школы имени Чуйкова. Курчатовская школа Курчатовская школа — наряду со школой 1210 — лучший территориально вариант для Севера-Запада Москвы, в частности Строгино. Конкурсные физико-математические классы обучаются в отдельном корпусе ФМО на Маршала Василевского, 9. Набор в 5-е и 10-й классы, в остальные только добор. Экзамены в целом вполне по зубам подготовленному четверокласснику, правда придется расширить знания по школьной программе, так как школа не стесняется давать задачки по отдельным темам пятого класса. Курчатовская школа проводит традиционную олимпиаду в феврале, на которую стоит сходить, чтобы попробовать свои силы. Вступительные экзамены в апреле. Хорошая, добротная школа, кружки, организация на уровне. Хотя в элиту матшкол Москвы все же наверное не входит. Остальные школы На самом деле в Москве много достойных школ и классов с конкурентным набором «со стороны» (что, с моей точки зрения, отличает сильную школу от просто перетасованных классов, гордо носящих имя Матвертикаль). То, что их нет в моем обзоре не означает, что они плохие. Просто я о них очень мало знаю. 67 школа на Кутузовском, лицей в Одинцово, Физтехлицей в Долгопрудном, и так далее, и так далее. Я приношу извинения таким классам и школам, что вы не попали в мой список. Если вы считаете, что о вас мне следует написать отдельную страничку — что-же, свяжитесь со мной, расскажите о себе, покажите свои вступительные. И я с удовольствием вас добавлю. Набор в школу по профилю происходит в пятые и восьмые классы. Раньше было два новых пятых класса, сейчас возможно расширение набора после объединения. Экзамены обычно проходят в апреле-мае в виде олимпиад по математике, русскому, английскому и метапредметное испытание. Нельзя сказать, что школа сильно выступает на олимпиадах, но образование добротное и широкое. Есть гуманитарное, математическое, физическое и биологическое направления. Меню",,,,,,,
mathex-school-1534,,Школа 1534,,"Другие топ физмат школы Москвы » © Mathex Меню Главная Школы Лучшие школы Москвы Что такое топ школы Как выбрать школу Поступление Поступление. Алгоритм действий Набор в школы по классам Кружки при школах Подготовка Кого и чему я учу Как все устроенно Стоимость О себе FAQ Блог Контакты Меню Вторая Школа 179 57 2007 ЦПМ Интеллектуал 1543 1533 ЛИТ 1535 Летово 1580 Другие Другие школы Какие-то школы я не включил в основной список и даю краткую информация по ним ниже. Какие-то я не упоминаю совсем. Это вовсе не потому, что эти школы хуже. Причины могут быть разные: Школа набирает только в 9 или более старшие классы. Например СУНЦ МГУ или Лицей ВШЭ У меня нет достоверной информации об этой школе. Просто копировать информацию из интернета желания нет, с этим родители могут справиться самостоятельно. В основном, это касается школ удаленных территориально от Юго-Запада, например, школа 1568, школа 444, физтех-лицей в Долгопрудном, Курчатовская школа В школу нет регулярного и прогнозируемого набора в новые классы. Готовиться год и попасть на непрозрачный добор на несколько свободных мест в классе, полагаю, никому не хочется. Например, таинственная школа 1589 Профиль школы по тем или иным причинам не подходит Либо она чисто гуманитарная, например Шуваловская гимназия (французский, право) или школа 1253 имени Сервантеса (испанский), либо она физмат, но с особыми ограничениями, например Университетская гимназия МГУ В любом случае, я не претендую на абсолютную истину в оценке и выборе лучших школ Москвы, не хочу приуменьшить или, наоборот, преувеличить успехи той или иной школы. Выбор в любом случае за ребенком и родителями, вы можете его сделать с моей помощью или без. Но какой-бы он ни был — впереди серьезная подготовка и конкурентные экзамены! Итак, о ком мне еще бы хотелось рассказать: Воробьевы Горы маткласс на Донской Проект 2*2 Университетская гимназия МГУ Школа 1568 имени Пабло Неруды Школа 1534 Школа 1514 Силаэдр Курчатовская школа Остальные школы Воробьевы Горы маткласс на Донской Лицей Воробьевы Горы раньше управлял кружками на базе Московского Дома Пионеров, с очень широкой специализацией, от вышивания до астрономии. Потом он трансформировался в общеобразовательное учреждение ГБПОУ «Воробьевы горы» . Сильный математический спецкласс с отдельным набором базируется на ул. Донская 37 (м. Шаболовская), именно на нем заострим внимание. В 2020 году случилось заметное событие на полях математического образования Москвы: после восьми лет успешного сотрудничества со школой 1329, команда Дмитрия Александровича Коробицина ушла из школы, и существенная часть учеников ФМ классов ушла из школы вслед за ним. Новым местом базирования ФМ классов Коробицина стало отделение на Донской лицея Воробьевы горы. Таким образом, в лицее появился очень сильный класс и очень сильный преподавательский состав. В класах преподают в основном бывшие выпускники Мехмата МГУ . Очень высокая планка по олимпиадной математике. Физика, химия, информатика с 6 класса. При отъездах на турниры и олимпиады, которые происходят несколько раз в год – некоторые поблажки по остальным предметам, режим благоприятствования со стороны руководства. Набор в класс продолжился и после 2020, но в последние годы, как мне кажется, проект не развивается так, как хотелось бы. Дмитрий Александрович сосредоточился главным образом на выездных математический лагерях, сильные школьники переходят в ЦПМ и Л2Ш. Что-же, мне жаль, что пока так все получается. Время покажет. Проект 2*2 Проект 2*2 — пионерский в создании партнерской модели образования. Суть модели такая: команда сильных преподавателей заключает партнерские соглашения с какой-либо общеобразовательной школой или целым холдингом. Команда создает один или несколько классов на базе конкурсного отбора, с сильной подготовкой и делегирует учеников на всевозможные олимпиады. Школа получает добавок к рейтингу, а команда — площадку для работы. Существенной частью проекта являются и кружки, математические лагеря и олимпиады. Создатель, вдохновитель и глава проекта — Елена Юрьевна Иванова — известный и уважаемый преподаватель, автор учебников и задачников. Однако, эта партнерская модель имеет свои риски. Особенно с учетом тенденций в российском школьном образовании. Дело в том, что если или руководство школы, или концепция школы меняется, классы 2*2 становятся «лишними», и им приходится искать новую школу и начинать многое сначала. Так, в 2020 году 2*2 расстался со своей «базовой» школой — 1329, и коллектив мигрировал в разных направлениях. К уже существующим классам в школах 1210 , 444 , 2086 добавились классы в школах 1273 и Покровский квартал . Уход из 1329 был, видимо, болезненным для проекта. Но зато география школ расширилась. В любом случае, проект 2*2 имеет долгую и успешную историю, преподаватели там замечательные. Следите за сайтом 2*2 в феврале — марте, чтобы не пропустить регистрацию в различные школы. Обращайте внимание на НАБОР в новые классы. ДОБОР — не тот процесс, чтобы на него делать главную ставку. Университет",https://mathex.ru/shkoly/drugie-top-school/,mathex,https://sch1534.mskobr.ru/,"[""1015820783""]",,,,,,,,"Другие топ физмат школы Москвы » © Mathex Меню Главная Школы Лучшие школы Москвы Что такое топ школы Как выбрать школу Поступление Поступление. Алгоритм действий Набор в школы по классам Кружки при школах Подготовка Кого и чему я учу Как все устроенно Стоимость О себе FAQ Блог Контакты Меню Вторая Школа 179 57 2007 ЦПМ Интеллектуал 1543 1533 ЛИТ 1535 Летово 1580 Другие Другие школы Какие-то школы я не включил в основной список и даю краткую информация по ним ниже. Какие-то я не упоминаю совсем. Это вовсе не потому, что эти школы хуже. Причины могут быть разные: Школа набирает только в 9 или более старшие классы. Например СУНЦ МГУ или Лицей ВШЭ У меня нет достоверной информации об этой школе. Просто копировать информацию из интернета желания нет, с этим родители могут справиться самостоятельно. В основном, это касается школ удаленных территориально от Юго-Запада, например, школа 1568, школа 444, физтех-лицей в Долгопрудном, Курчатовская школа В школу нет регулярного и прогнозируемого набора в новые классы. Готовиться год и попасть на непрозрачный добор на несколько свободных мест в классе, полагаю, никому не хочется. Например, таинственная школа 1589 Профиль школы по тем или иным причинам не подходит Либо она чисто гуманитарная, например Шуваловская гимназия (французский, право) или школа 1253 имени Сервантеса (испанский), либо она физмат, но с особыми ограничениями, например Университетская гимназия МГУ В любом случае, я не претендую на абсолютную истину в оценке и выборе лучших школ Москвы, не хочу приуменьшить или, наоборот, преувеличить успехи той или иной школы. Выбор в любом случае за ребенком и родителями, вы можете его сделать с моей помощью или без. Но какой-бы он ни был — впереди серьезная подготовка и конкурентные экзамены! Итак, о ком мне еще бы хотелось рассказать: Воробьевы Горы маткласс на Донской Проект 2*2 Университетская гимназия МГУ Школа 1568 имени Пабло Неруды Школа 1534 Школа 1514 Силаэдр Курчатовская школа Остальные школы Воробьевы Горы маткласс на Донской Лицей Воробьевы Горы раньше управлял кружками на базе Московского Дома Пионеров, с очень широкой специализацией, от вышивания до астрономии. Потом он трансформировался в общеобразовательное учреждение ГБПОУ «Воробьевы горы» . Сильный математический спецкласс с отдельным набором базируется на ул. Донская 37 (м. Шаболовская), именно на нем заострим внимание. В 2020 году случилось заметное событие на полях математического образования Москвы: после восьми лет успешного сотрудничества со школой 1329, команда Дмитрия Александровича Коробицина ушла из школы, и существенная часть учеников ФМ классов ушла из школы вслед за ним. Новым местом базирования ФМ классов Коробицина стало отделение на Донской лицея Воробьевы горы. Таким образом, в лицее появился очень сильный класс и очень сильный преподавательский состав. В класах преподают в основном бывшие выпускники Мехмата МГУ . Очень высокая планка по олимпиадной математике. Физика, химия, информатика с 6 класса. При отъездах на турниры и олимпиады, которые происходят несколько раз в год – некоторые поблажки по остальным предметам, режим благоприятствования со стороны руководства. Набор в класс продолжился и после 2020, но в последние годы, как мне кажется, проект не развивается так, как хотелось бы. Дмитрий Александрович сосредоточился главным образом на выездных математический лагерях, сильные школьники переходят в ЦПМ и Л2Ш. Что-же, мне жаль, что пока так все получается. Время покажет. Проект 2*2 Проект 2*2 — пионерский в создании партнерской модели образования. Суть модели такая: команда сильных преподавателей заключает партнерские соглашения с какой-либо общеобразовательной школой или целым холдингом. Команда создает один или несколько классов на базе конкурсного отбора, с сильной подготовкой и делегирует учеников на всевозможные олимпиады. Школа получает добавок к рейтингу, а команда — площадку для работы. Существенной частью проекта являются и кружки, математические лагеря и олимпиады. Создатель, вдохновитель и глава проекта — Елена Юрьевна Иванова — известный и уважаемый преподаватель, автор учебников и задачников. Однако, эта партнерская модель имеет свои риски. Особенно с учетом тенденций в российском школьном образовании. Дело в том, что если или руководство школы, или концепция школы меняется, классы 2*2 становятся «лишними», и им приходится искать новую школу и начинать многое сначала. Так, в 2020 году 2*2 расстался со своей «базовой» школой — 1329, и коллектив мигрировал в разных направлениях. К уже существующим классам в школах 1210 , 444 , 2086 добавились классы в школах 1273 и Покровский квартал . Уход из 1329 был, видимо, болезненным для проекта. Но зато география школ расширилась. В любом случае, проект 2*2 имеет долгую и успешную историю, преподаватели там замечательные. Следите за сайтом 2*2 в феврале — марте, чтобы не пропустить регистрацию в различные школы. Обращайте внимание на НАБОР в новые классы. ДОБОР — не тот процесс, чтобы на него делать главную ставку. Университетская гимназия МГУ Университетская гимназия МГУ появилась совсем недавно, в 2016. Располагается в абсолютно новых роскошных зданиях университетского городка по другую сторону Ломоносовского от главного здания МГУ, рядом метро Университет. В школе есть полноценный пансионат, на полную неделю. Обучение, проживание и питание в гимназии бесплатное. Помимо старших, гимназия набирает 3 восьмых класса. Несмотря на недавнее открытие, ученики гимназии уже среди победителей рейтинговых олимпиад. Просто идеальные условия, школа — мечта. Гимназия создана прежде всего для талантов из регионов. Не уверен, что москвичам туда вход закрыт, не знаю. Знаю, что организация образовательного процесса требует проживания учеников в кампусе, без исключений. Москвичам придется конкурировать за поступление с самыми сильными ребятами из разных концов России, куда представители гимназии выезжают каждый год вербовать лучших, а это будет очень трудно. Школа 1568 имени Пабло Неруды Школа 1568 расположена в Медведково и является чуть ли не единственной сильной школой Северо-Востока Москвы, поэтому желающих поступить туда много. Школа — большой холдинг, в ней много классов в параллели начиная с первого. Однако, в 5 — 11 классах есть дополнительный набор. Это могут быть несколько классов в параллель «с нуля», например два пятых класса. Также, может быть добор в существующие классы. Школа действительно одна из лучших, с учетом ее монополистического положения на Северо-Востоке, конкурс высокий, проходят самые мотивированные и одаренные. Я сожалею, что у меня не так много информации про школу, так как она безусловно заслуживает быть в списке лучших. Надеюсь, что когда-нибудь мой ученик поступит туда, и получится написать о школе 1568 подробнее. Школа 1534 Основной набор в школу 1534 в пятые классы. 1534 — холдинг, много начальных классов, но и набор в спецклассы достаточно большой: 3-5 классов. Прежде всего, это математические специализация, есть также биомат и гуманитарный. У школы аж шесть зданий плюс три корпуса начальной школы, все они компактно расположены между метро Профсоюзная и Академическая. Вступительная компания в школе организована своеобразно: в марте проводится Открытая многопредметная олимпиада «Весна-1534». По ее результатам и формируются классы. Это, пожалуй, единственная сильная школа, в которой вступительные испытания организованы в один этап. Это несколько странно, но, с другой стороны, можно использовать «Весну 1534» в качестве запасного варианта. Не отвлекаясь от многоступенчатой вступительной эпопеи в топ физмат школы, написать хорошо олимпиаду и пойти в 1534, если постигнет неудача в других направлениях. При этом я ни в коем случае не предлагаю смотреть на школу 1534 как на «запасной вариант» или «трамплин» для поступления в Вторую школу или школу 57 в будущем. Школа дает сильную подготовку сама по себе, имеет достижения на рейтинговых олимпиадах, показывает очень высокий процент поступления в лучшие московские ВУЗы. Так что поступайте и учитесь, уверен, вы не будете разочарованы. Школа 1514 Школа 1514 — еще один гигантский холдинг (16 5-х классов в параллели), бывший когда-то, до эпохи слияний и поглощений, сильной гимназией 1514. Периодически (но не всегда) добирает один — два дополнительных гимназических класса, из своих лучших учеников + соискатели «со стороны». Школа сохранила костяк гимназического преподавательского коллектива, классы получаются сильными. Главная проблема в нерегулярности и непрозрачности набора. Почти каждый год меняются правила игры, нет ясности, сколько человек в какой класс будут набирать, в какую локацию. Так что акцентированную подготовку проводить сложно. Силаэдр Силаэдр — относительно новый проект физмат класса на базе химического лицея имени маршала Чуйкова. Один из немногих на юго-востоке Москвы. Силаэдр проводит набор в 5 класс (сам химический лицей набирает только старшие классы, 9+). Очень интересный проект, очень молодая команда учителей, у всех пока горят глаза. Правда, в 2024 проект покинула его создатель и вдохновитель, однако, насколько я знаю, на организацию обучения в классе это не повлияло. Да и сам проект очень молод, стартовал в 2016 году, первый выпуск в 2022. Время покажет, как у них пойдут дела, но на 2025 год — многообещающая структура с большим потенциалом. Отдельно хочу сказать о вступительной математике — она НЕРЕАЛЬНО сложная. Понятно, что никто все решить не может (я лично не знаю ни одного четвероклассника, способного решить последнюю задачу в их вступительном, хотя я знаю далеко не середнячков), проходной балл — обычно в районе половины задач. Класс я однозначно рекомендую, особенно для юго-востока. Своего нормального сайта у них, информацию о приеме и ДОД ищите на сайте школы имени Чуйкова. Курчатовская школа Курчатовская школа — наряду со школой 1210 — лучший территориально вариант для Севера-Запада Москвы, в частности Строгино. Конкурсные физико-математические классы обучаются в отдельном корпусе ФМО на Маршала Василевского, 9. Набор в 5-е и 10-й классы, в остальные только добор. Экзамены в целом вполне по зубам подготовленному четверокласснику, правда придется расширить знания по школьной программе, так как школа не стесняется давать задачки по отдельным темам пятого класса. Курчатовская школа проводит традиционную олимпиаду в феврале, на которую стоит сходить, чтобы попробовать свои силы. Вступительные экзамены в апреле. Хорошая, добротная школа, кружки, организация на уровне. Хотя в элиту матшкол Москвы все же наверное не входит. Остальные школы На самом деле в Москве много достойных школ и классов с конкурентным набором «со стороны» (что, с моей точки зрения, отличает сильную школу от просто перетасованных классов, гордо носящих имя Матвертикаль). То, что их нет в моем обзоре не означает, что они плохие. Просто я о них очень мало знаю. 67 школа на Кутузовском, лицей в Одинцово, Физтехлицей в Долгопрудном, и так далее, и так далее. Я приношу извинения таким классам и школам, что вы не попали в мой список. Если вы считаете, что о вас мне следует написать отдельную страничку — что-же, свяжитесь со мной, расскажите о себе, покажите свои вступительные. И я с удовольствием вас добавлю. Набор в школу по профилю происходит в пятые и восьмые классы. Раньше было два новых пятых класса, сейчас возможно расширение набора после объединения. Экзамены обычно проходят в апреле-мае в виде олимпиад по математике, русскому, английскому и метапредметное испытание. Нельзя сказать, что школа сильно выступает на олимпиадах, но образование добротное и широкое. Есть гуманитарное, математическое, физическое и биологическое направления. Меню",,,,,,,
mathex-school-1514,,Школа 1514,,"Другие топ физмат школы Москвы » © Mathex Меню Главная Школы Лучшие школы Москвы Что такое топ школы Как выбрать школу Поступление Поступление. Алгоритм действий Набор в школы по классам Кружки при школах Подготовка Кого и чему я учу Как все устроенно Стоимость О себе FAQ Блог Контакты Меню Вторая Школа 179 57 2007 ЦПМ Интеллектуал 1543 1533 ЛИТ 1535 Летово 1580 Другие Другие школы Какие-то школы я не включил в основной список и даю краткую информация по ним ниже. Какие-то я не упоминаю совсем. Это вовсе не потому, что эти школы хуже. Причины могут быть разные: Школа набирает только в 9 или более старшие классы. Например СУНЦ МГУ или Лицей ВШЭ У меня нет достоверной информации об этой школе. Просто копировать информацию из интернета желания нет, с этим родители могут справиться самостоятельно. В основном, это касается школ удаленных территориально от Юго-Запада, например, школа 1568, школа 444, физтех-лицей в Долгопрудном, Курчатовская школа В школу нет регулярного и прогнозируемого набора в новые классы. Готовиться год и попасть на непрозрачный добор на несколько свободных мест в классе, полагаю, никому не хочется. Например, таинственная школа 1589 Профиль школы по тем или иным причинам не подходит Либо она чисто гуманитарная, например Шуваловская гимназия (французский, право) или школа 1253 имени Сервантеса (испанский), либо она физмат, но с особыми ограничениями, например Университетская гимназия МГУ В любом случае, я не претендую на абсолютную истину в оценке и выборе лучших школ Москвы, не хочу приуменьшить или, наоборот, преувеличить успехи той или иной школы. Выбор в любом случае за ребенком и родителями, вы можете его сделать с моей помощью или без. Но какой-бы он ни был — впереди серьезная подготовка и конкурентные экзамены! Итак, о ком мне еще бы хотелось рассказать: Воробьевы Горы маткласс на Донской Проект 2*2 Университетская гимназия МГУ Школа 1568 имени Пабло Неруды Школа 1534 Школа 1514 Силаэдр Курчатовская школа Остальные школы Воробьевы Горы маткласс на Донской Лицей Воробьевы Горы раньше управлял кружками на базе Московского Дома Пионеров, с очень широкой специализацией, от вышивания до астрономии. Потом он трансформировался в общеобразовательное учреждение ГБПОУ «Воробьевы горы» . Сильный математический спецкласс с отдельным набором базируется на ул. Донская 37 (м. Шаболовская), именно на нем заострим внимание. В 2020 году случилось заметное событие на полях математического образования Москвы: после восьми лет успешного сотрудничества со школой 1329, команда Дмитрия Александровича Коробицина ушла из школы, и существенная часть учеников ФМ классов ушла из школы вслед за ним. Новым местом базирования ФМ классов Коробицина стало отделение на Донской лицея Воробьевы горы. Таким образом, в лицее появился очень сильный класс и очень сильный преподавательский состав. В класах преподают в основном бывшие выпускники Мехмата МГУ . Очень высокая планка по олимпиадной математике. Физика, химия, информатика с 6 класса. При отъездах на турниры и олимпиады, которые происходят несколько раз в год – некоторые поблажки по остальным предметам, режим благоприятствования со стороны руководства. Набор в класс продолжился и после 2020, но в последние годы, как мне кажется, проект не развивается так, как хотелось бы. Дмитрий Александрович сосредоточился главным образом на выездных математический лагерях, сильные школьники переходят в ЦПМ и Л2Ш. Что-же, мне жаль, что пока так все получается. Время покажет. Проект 2*2 Проект 2*2 — пионерский в создании партнерской модели образования. Суть модели такая: команда сильных преподавателей заключает партнерские соглашения с какой-либо общеобразовательной школой или целым холдингом. Команда создает один или несколько классов на базе конкурсного отбора, с сильной подготовкой и делегирует учеников на всевозможные олимпиады. Школа получает добавок к рейтингу, а команда — площадку для работы. Существенной частью проекта являются и кружки, математические лагеря и олимпиады. Создатель, вдохновитель и глава проекта — Елена Юрьевна Иванова — известный и уважаемый преподаватель, автор учебников и задачников. Однако, эта партнерская модель имеет свои риски. Особенно с учетом тенденций в российском школьном образовании. Дело в том, что если или руководство школы, или концепция школы меняется, классы 2*2 становятся «лишними», и им приходится искать новую школу и начинать многое сначала. Так, в 2020 году 2*2 расстался со своей «базовой» школой — 1329, и коллектив мигрировал в разных направлениях. К уже существующим классам в школах 1210 , 444 , 2086 добавились классы в школах 1273 и Покровский квартал . Уход из 1329 был, видимо, болезненным для проекта. Но зато география школ расширилась. В любом случае, проект 2*2 имеет долгую и успешную историю, преподаватели там замечательные. Следите за сайтом 2*2 в феврале — марте, чтобы не пропустить регистрацию в различные школы. Обращайте внимание на НАБОР в новые классы. ДОБОР — не тот процесс, чтобы на него делать главную ставку. Университет",https://mathex.ru/shkoly/drugie-top-school/,mathex,https://sch1514.mskobr.ru/,"[""1233379001""]",,,,,,,,"Другие топ физмат школы Москвы » © Mathex Меню Главная Школы Лучшие школы Москвы Что такое топ школы Как выбрать школу Поступление Поступление. Алгоритм действий Набор в школы по классам Кружки при школах Подготовка Кого и чему я учу Как все устроенно Стоимость О себе FAQ Блог Контакты Меню Вторая Школа 179 57 2007 ЦПМ Интеллектуал 1543 1533 ЛИТ 1535 Летово 1580 Другие Другие школы Какие-то школы я не включил в основной список и даю краткую информация по ним ниже. Какие-то я не упоминаю совсем. Это вовсе не потому, что эти школы хуже. Причины могут быть разные: Школа набирает только в 9 или более старшие классы. Например СУНЦ МГУ или Лицей ВШЭ У меня нет достоверной информации об этой школе. Просто копировать информацию из интернета желания нет, с этим родители могут справиться самостоятельно. В основном, это касается школ удаленных территориально от Юго-Запада, например, школа 1568, школа 444, физтех-лицей в Долгопрудном, Курчатовская школа В школу нет регулярного и прогнозируемого набора в новые классы. Готовиться год и попасть на непрозрачный добор на несколько свободных мест в классе, полагаю, никому не хочется. Например, таинственная школа 1589 Профиль школы по тем или иным причинам не подходит Либо она чисто гуманитарная, например Шуваловская гимназия (французский, право) или школа 1253 имени Сервантеса (испанский), либо она физмат, но с особыми ограничениями, например Университетская гимназия МГУ В любом случае, я не претендую на абсолютную истину в оценке и выборе лучших школ Москвы, не хочу приуменьшить или, наоборот, преувеличить успехи той или иной школы. Выбор в любом случае за ребенком и родителями, вы можете его сделать с моей помощью или без. Но какой-бы он ни был — впереди серьезная подготовка и конкурентные экзамены! Итак, о ком мне еще бы хотелось рассказать: Воробьевы Горы маткласс на Донской Проект 2*2 Университетская гимназия МГУ Школа 1568 имени Пабло Неруды Школа 1534 Школа 1514 Силаэдр Курчатовская школа Остальные школы Воробьевы Горы маткласс на Донской Лицей Воробьевы Горы раньше управлял кружками на базе Московского Дома Пионеров, с очень широкой специализацией, от вышивания до астрономии. Потом он трансформировался в общеобразовательное учреждение ГБПОУ «Воробьевы горы» . Сильный математический спецкласс с отдельным набором базируется на ул. Донская 37 (м. Шаболовская), именно на нем заострим внимание. В 2020 году случилось заметное событие на полях математического образования Москвы: после восьми лет успешного сотрудничества со школой 1329, команда Дмитрия Александровича Коробицина ушла из школы, и существенная часть учеников ФМ классов ушла из школы вслед за ним. Новым местом базирования ФМ классов Коробицина стало отделение на Донской лицея Воробьевы горы. Таким образом, в лицее появился очень сильный класс и очень сильный преподавательский состав. В класах преподают в основном бывшие выпускники Мехмата МГУ . Очень высокая планка по олимпиадной математике. Физика, химия, информатика с 6 класса. При отъездах на турниры и олимпиады, которые происходят несколько раз в год – некоторые поблажки по остальным предметам, режим благоприятствования со стороны руководства. Набор в класс продолжился и после 2020, но в последние годы, как мне кажется, проект не развивается так, как хотелось бы. Дмитрий Александрович сосредоточился главным образом на выездных математический лагерях, сильные школьники переходят в ЦПМ и Л2Ш. Что-же, мне жаль, что пока так все получается. Время покажет. Проект 2*2 Проект 2*2 — пионерский в создании партнерской модели образования. Суть модели такая: команда сильных преподавателей заключает партнерские соглашения с какой-либо общеобразовательной школой или целым холдингом. Команда создает один или несколько классов на базе конкурсного отбора, с сильной подготовкой и делегирует учеников на всевозможные олимпиады. Школа получает добавок к рейтингу, а команда — площадку для работы. Существенной частью проекта являются и кружки, математические лагеря и олимпиады. Создатель, вдохновитель и глава проекта — Елена Юрьевна Иванова — известный и уважаемый преподаватель, автор учебников и задачников. Однако, эта партнерская модель имеет свои риски. Особенно с учетом тенденций в российском школьном образовании. Дело в том, что если или руководство школы, или концепция школы меняется, классы 2*2 становятся «лишними», и им приходится искать новую школу и начинать многое сначала. Так, в 2020 году 2*2 расстался со своей «базовой» школой — 1329, и коллектив мигрировал в разных направлениях. К уже существующим классам в школах 1210 , 444 , 2086 добавились классы в школах 1273 и Покровский квартал . Уход из 1329 был, видимо, болезненным для проекта. Но зато география школ расширилась. В любом случае, проект 2*2 имеет долгую и успешную историю, преподаватели там замечательные. Следите за сайтом 2*2 в феврале — марте, чтобы не пропустить регистрацию в различные школы. Обращайте внимание на НАБОР в новые классы. ДОБОР — не тот процесс, чтобы на него делать главную ставку. Университетская гимназия МГУ Университетская гимназия МГУ появилась совсем недавно, в 2016. Располагается в абсолютно новых роскошных зданиях университетского городка по другую сторону Ломоносовского от главного здания МГУ, рядом метро Университет. В школе есть полноценный пансионат, на полную неделю. Обучение, проживание и питание в гимназии бесплатное. Помимо старших, гимназия набирает 3 восьмых класса. Несмотря на недавнее открытие, ученики гимназии уже среди победителей рейтинговых олимпиад. Просто идеальные условия, школа — мечта. Гимназия создана прежде всего для талантов из регионов. Не уверен, что москвичам туда вход закрыт, не знаю. Знаю, что организация образовательного процесса требует проживания учеников в кампусе, без исключений. Москвичам придется конкурировать за поступление с самыми сильными ребятами из разных концов России, куда представители гимназии выезжают каждый год вербовать лучших, а это будет очень трудно. Школа 1568 имени Пабло Неруды Школа 1568 расположена в Медведково и является чуть ли не единственной сильной школой Северо-Востока Москвы, поэтому желающих поступить туда много. Школа — большой холдинг, в ней много классов в параллели начиная с первого. Однако, в 5 — 11 классах есть дополнительный набор. Это могут быть несколько классов в параллель «с нуля», например два пятых класса. Также, может быть добор в существующие классы. Школа действительно одна из лучших, с учетом ее монополистического положения на Северо-Востоке, конкурс высокий, проходят самые мотивированные и одаренные. Я сожалею, что у меня не так много информации про школу, так как она безусловно заслуживает быть в списке лучших. Надеюсь, что когда-нибудь мой ученик поступит туда, и получится написать о школе 1568 подробнее. Школа 1534 Основной набор в школу 1534 в пятые классы. 1534 — холдинг, много начальных классов, но и набор в спецклассы достаточно большой: 3-5 классов. Прежде всего, это математические специализация, есть также биомат и гуманитарный. У школы аж шесть зданий плюс три корпуса начальной школы, все они компактно расположены между метро Профсоюзная и Академическая. Вступительная компания в школе организована своеобразно: в марте проводится Открытая многопредметная олимпиада «Весна-1534». По ее результатам и формируются классы. Это, пожалуй, единственная сильная школа, в которой вступительные испытания организованы в один этап. Это несколько странно, но, с другой стороны, можно использовать «Весну 1534» в качестве запасного варианта. Не отвлекаясь от многоступенчатой вступительной эпопеи в топ физмат школы, написать хорошо олимпиаду и пойти в 1534, если постигнет неудача в других направлениях. При этом я ни в коем случае не предлагаю смотреть на школу 1534 как на «запасной вариант» или «трамплин» для поступления в Вторую школу или школу 57 в будущем. Школа дает сильную подготовку сама по себе, имеет достижения на рейтинговых олимпиадах, показывает очень высокий процент поступления в лучшие московские ВУЗы. Так что поступайте и учитесь, уверен, вы не будете разочарованы. Школа 1514 Школа 1514 — еще один гигантский холдинг (16 5-х классов в параллели), бывший когда-то, до эпохи слияний и поглощений, сильной гимназией 1514. Периодически (но не всегда) добирает один — два дополнительных гимназических класса, из своих лучших учеников + соискатели «со стороны». Школа сохранила костяк гимназического преподавательского коллектива, классы получаются сильными. Главная проблема в нерегулярности и непрозрачности набора. Почти каждый год меняются правила игры, нет ясности, сколько человек в какой класс будут набирать, в какую локацию. Так что акцентированную подготовку проводить сложно. Силаэдр Силаэдр — относительно новый проект физмат класса на базе химического лицея имени маршала Чуйкова. Один из немногих на юго-востоке Москвы. Силаэдр проводит набор в 5 класс (сам химический лицей набирает только старшие классы, 9+). Очень интересный проект, очень молодая команда учителей, у всех пока горят глаза. Правда, в 2024 проект покинула его создатель и вдохновитель, однако, насколько я знаю, на организацию обучения в классе это не повлияло. Да и сам проект очень молод, стартовал в 2016 году, первый выпуск в 2022. Время покажет, как у них пойдут дела, но на 2025 год — многообещающая структура с большим потенциалом. Отдельно хочу сказать о вступительной математике — она НЕРЕАЛЬНО сложная. Понятно, что никто все решить не может (я лично не знаю ни одного четвероклассника, способного решить последнюю задачу в их вступительном, хотя я знаю далеко не середнячков), проходной балл — обычно в районе половины задач. Класс я однозначно рекомендую, особенно для юго-востока. Своего нормального сайта у них, информацию о приеме и ДОД ищите на сайте школы имени Чуйкова. Курчатовская школа Курчатовская школа — наряду со школой 1210 — лучший территориально вариант для Севера-Запада Москвы, в частности Строгино. Конкурсные физико-математические классы обучаются в отдельном корпусе ФМО на Маршала Василевского, 9. Набор в 5-е и 10-й классы, в остальные только добор. Экзамены в целом вполне по зубам подготовленному четверокласснику, правда придется расширить знания по школьной программе, так как школа не стесняется давать задачки по отдельным темам пятого класса. Курчатовская школа проводит традиционную олимпиаду в феврале, на которую стоит сходить, чтобы попробовать свои силы. Вступительные экзамены в апреле. Хорошая, добротная школа, кружки, организация на уровне. Хотя в элиту матшкол Москвы все же наверное не входит. Остальные школы На самом деле в Москве много достойных школ и классов с конкурентным набором «со стороны» (что, с моей точки зрения, отличает сильную школу от просто перетасованных классов, гордо носящих имя Матвертикаль). То, что их нет в моем обзоре не означает, что они плохие. Просто я о них очень мало знаю. 67 школа на Кутузовском, лицей в Одинцово, Физтехлицей в Долгопрудном, и так далее, и так далее. Я приношу извинения таким классам и школам, что вы не попали в мой список. Если вы считаете, что о вас мне следует написать отдельную страничку — что-же, свяжитесь со мной, расскажите о себе, покажите свои вступительные. И я с удовольствием вас добавлю. Набор в школу по профилю происходит в пятые и восьмые классы. Раньше было два новых пятых класса, сейчас возможно расширение набора после объединения. Экзамены обычно проходят в апреле-мае в виде олимпиад по математике, русскому, английскому и метапредметное испытание. Нельзя сказать, что школа сильно выступает на олимпиадах, но образование добротное и широкое. Есть гуманитарное, математическое, физическое и биологическое направления. Меню",,,,,,,
mathex-kurchatov-school,,Курчатовская школа,,"Другие топ физмат школы Москвы » © Mathex Меню Главная Школы Лучшие школы Москвы Что такое топ школы Как выбрать школу Поступление Поступление. Алгоритм действий Набор в школы по классам Кружки при школах Подготовка Кого и чему я учу Как все устроенно Стоимость О себе FAQ Блог Контакты Меню Вторая Школа 179 57 2007 ЦПМ Интеллектуал 1543 1533 ЛИТ 1535 Летово 1580 Другие Другие школы Какие-то школы я не включил в основной список и даю краткую информация по ним ниже. Какие-то я не упоминаю совсем. Это вовсе не потому, что эти школы хуже. Причины могут быть разные: Школа набирает только в 9 или более старшие классы. Например СУНЦ МГУ или Лицей ВШЭ У меня нет достоверной информации об этой школе. Просто копировать информацию из интернета желания нет, с этим родители могут справиться самостоятельно. В основном, это касается школ удаленных территориально от Юго-Запада, например, школа 1568, школа 444, физтех-лицей в Долгопрудном, Курчатовская школа В школу нет регулярного и прогнозируемого набора в новые классы. Готовиться год и попасть на непрозрачный добор на несколько свободных мест в классе, полагаю, никому не хочется. Например, таинственная школа 1589 Профиль школы по тем или иным причинам не подходит Либо она чисто гуманитарная, например Шуваловская гимназия (французский, право) или школа 1253 имени Сервантеса (испанский), либо она физмат, но с особыми ограничениями, например Университетская гимназия МГУ В любом случае, я не претендую на абсолютную истину в оценке и выборе лучших школ Москвы, не хочу приуменьшить или, наоборот, преувеличить успехи той или иной школы. Выбор в любом случае за ребенком и родителями, вы можете его сделать с моей помощью или без. Но какой-бы он ни был — впереди серьезная подготовка и конкурентные экзамены! Итак, о ком мне еще бы хотелось рассказать: Воробьевы Горы маткласс на Донской Проект 2*2 Университетская гимназия МГУ Школа 1568 имени Пабло Неруды Школа 1534 Школа 1514 Силаэдр Курчатовская школа Остальные школы Воробьевы Горы маткласс на Донской Лицей Воробьевы Горы раньше управлял кружками на базе Московского Дома Пионеров, с очень широкой специализацией, от вышивания до астрономии. Потом он трансформировался в общеобразовательное учреждение ГБПОУ «Воробьевы горы» . Сильный математический спецкласс с отдельным набором базируется на ул. Донская 37 (м. Шаболовская), именно на нем заострим внимание. В 2020 году случилось заметное событие на полях математического образования Москвы: после восьми лет успешного сотрудничества со школой 1329, команда Дмитрия Александровича Коробицина ушла из школы, и существенная часть учеников ФМ классов ушла из школы вслед за ним. Новым местом базирования ФМ классов Коробицина стало отделение на Донской лицея Воробьевы горы. Таким образом, в лицее появился очень сильный класс и очень сильный преподавательский состав. В класах преподают в основном бывшие выпускники Мехмата МГУ . Очень высокая планка по олимпиадной математике. Физика, химия, информатика с 6 класса. При отъездах на турниры и олимпиады, которые происходят несколько раз в год – некоторые поблажки по остальным предметам, режим благоприятствования со стороны руководства. Набор в класс продолжился и после 2020, но в последние годы, как мне кажется, проект не развивается так, как хотелось бы. Дмитрий Александрович сосредоточился главным образом на выездных математический лагерях, сильные школьники переходят в ЦПМ и Л2Ш. Что-же, мне жаль, что пока так все получается. Время покажет. Проект 2*2 Проект 2*2 — пионерский в создании партнерской модели образования. Суть модели такая: команда сильных преподавателей заключает партнерские соглашения с какой-либо общеобразовательной школой или целым холдингом. Команда создает один или несколько классов на базе конкурсного отбора, с сильной подготовкой и делегирует учеников на всевозможные олимпиады. Школа получает добавок к рейтингу, а команда — площадку для работы. Существенной частью проекта являются и кружки, математические лагеря и олимпиады. Создатель, вдохновитель и глава проекта — Елена Юрьевна Иванова — известный и уважаемый преподаватель, автор учебников и задачников. Однако, эта партнерская модель имеет свои риски. Особенно с учетом тенденций в российском школьном образовании. Дело в том, что если или руководство школы, или концепция школы меняется, классы 2*2 становятся «лишними», и им приходится искать новую школу и начинать многое сначала. Так, в 2020 году 2*2 расстался со своей «базовой» школой — 1329, и коллектив мигрировал в разных направлениях. К уже существующим классам в школах 1210 , 444 , 2086 добавились классы в школах 1273 и Покровский квартал . Уход из 1329 был, видимо, болезненным для проекта. Но зато география школ расширилась. В любом случае, проект 2*2 имеет долгую и успешную историю, преподаватели там замечательные. Следите за сайтом 2*2 в феврале — марте, чтобы не пропустить регистрацию в различные школы. Обращайте внимание на НАБОР в новые классы. ДОБОР — не тот процесс, чтобы на него делать главную ставку. Университет",https://mathex.ru/shkoly/drugie-top-school/,mathex,https://kurchat.mskobr.ru/,"[""1015397904""]",,,,,,,,"Другие топ физмат школы Москвы » © Mathex Меню Главная Школы Лучшие школы Москвы Что такое топ школы Как выбрать школу Поступление Поступление. Алгоритм действий Набор в школы по классам Кружки при школах Подготовка Кого и чему я учу Как все устроенно Стоимость О себе FAQ Блог Контакты Меню Вторая Школа 179 57 2007 ЦПМ Интеллектуал 1543 1533 ЛИТ 1535 Летово 1580 Другие Другие школы Какие-то школы я не включил в основной список и даю краткую информация по ним ниже. Какие-то я не упоминаю совсем. Это вовсе не потому, что эти школы хуже. Причины могут быть разные: Школа набирает только в 9 или более старшие классы. Например СУНЦ МГУ или Лицей ВШЭ У меня нет достоверной информации об этой школе. Просто копировать информацию из интернета желания нет, с этим родители могут справиться самостоятельно. В основном, это касается школ удаленных территориально от Юго-Запада, например, школа 1568, школа 444, физтех-лицей в Долгопрудном, Курчатовская школа В школу нет регулярного и прогнозируемого набора в новые классы. Готовиться год и попасть на непрозрачный добор на несколько свободных мест в классе, полагаю, никому не хочется. Например, таинственная школа 1589 Профиль школы по тем или иным причинам не подходит Либо она чисто гуманитарная, например Шуваловская гимназия (французский, право) или школа 1253 имени Сервантеса (испанский), либо она физмат, но с особыми ограничениями, например Университетская гимназия МГУ В любом случае, я не претендую на абсолютную истину в оценке и выборе лучших школ Москвы, не хочу приуменьшить или, наоборот, преувеличить успехи той или иной школы. Выбор в любом случае за ребенком и родителями, вы можете его сделать с моей помощью или без. Но какой-бы он ни был — впереди серьезная подготовка и конкурентные экзамены! Итак, о ком мне еще бы хотелось рассказать: Воробьевы Горы маткласс на Донской Проект 2*2 Университетская гимназия МГУ Школа 1568 имени Пабло Неруды Школа 1534 Школа 1514 Силаэдр Курчатовская школа Остальные школы Воробьевы Горы маткласс на Донской Лицей Воробьевы Горы раньше управлял кружками на базе Московского Дома Пионеров, с очень широкой специализацией, от вышивания до астрономии. Потом он трансформировался в общеобразовательное учреждение ГБПОУ «Воробьевы горы» . Сильный математический спецкласс с отдельным набором базируется на ул. Донская 37 (м. Шаболовская), именно на нем заострим внимание. В 2020 году случилось заметное событие на полях математического образования Москвы: после восьми лет успешного сотрудничества со школой 1329, команда Дмитрия Александровича Коробицина ушла из школы, и существенная часть учеников ФМ классов ушла из школы вслед за ним. Новым местом базирования ФМ классов Коробицина стало отделение на Донской лицея Воробьевы горы. Таким образом, в лицее появился очень сильный класс и очень сильный преподавательский состав. В класах преподают в основном бывшие выпускники Мехмата МГУ . Очень высокая планка по олимпиадной математике. Физика, химия, информатика с 6 класса. При отъездах на турниры и олимпиады, которые происходят несколько раз в год – некоторые поблажки по остальным предметам, режим благоприятствования со стороны руководства. Набор в класс продолжился и после 2020, но в последние годы, как мне кажется, проект не развивается так, как хотелось бы. Дмитрий Александрович сосредоточился главным образом на выездных математический лагерях, сильные школьники переходят в ЦПМ и Л2Ш. Что-же, мне жаль, что пока так все получается. Время покажет. Проект 2*2 Проект 2*2 — пионерский в создании партнерской модели образования. Суть модели такая: команда сильных преподавателей заключает партнерские соглашения с какой-либо общеобразовательной школой или целым холдингом. Команда создает один или несколько классов на базе конкурсного отбора, с сильной подготовкой и делегирует учеников на всевозможные олимпиады. Школа получает добавок к рейтингу, а команда — площадку для работы. Существенной частью проекта являются и кружки, математические лагеря и олимпиады. Создатель, вдохновитель и глава проекта — Елена Юрьевна Иванова — известный и уважаемый преподаватель, автор учебников и задачников. Однако, эта партнерская модель имеет свои риски. Особенно с учетом тенденций в российском школьном образовании. Дело в том, что если или руководство школы, или концепция школы меняется, классы 2*2 становятся «лишними», и им приходится искать новую школу и начинать многое сначала. Так, в 2020 году 2*2 расстался со своей «базовой» школой — 1329, и коллектив мигрировал в разных направлениях. К уже существующим классам в школах 1210 , 444 , 2086 добавились классы в школах 1273 и Покровский квартал . Уход из 1329 был, видимо, болезненным для проекта. Но зато география школ расширилась. В любом случае, проект 2*2 имеет долгую и успешную историю, преподаватели там замечательные. Следите за сайтом 2*2 в феврале — марте, чтобы не пропустить регистрацию в различные школы. Обращайте внимание на НАБОР в новые классы. ДОБОР — не тот процесс, чтобы на него делать главную ставку. Университетская гимназия МГУ Университетская гимназия МГУ появилась совсем недавно, в 2016. Располагается в абсолютно новых роскошных зданиях университетского городка по другую сторону Ломоносовского от главного здания МГУ, рядом метро Университет. В школе есть полноценный пансионат, на полную неделю. Обучение, проживание и питание в гимназии бесплатное. Помимо старших, гимназия набирает 3 восьмых класса. Несмотря на недавнее открытие, ученики гимназии уже среди победителей рейтинговых олимпиад. Просто идеальные условия, школа — мечта. Гимназия создана прежде всего для талантов из регионов. Не уверен, что москвичам туда вход закрыт, не знаю. Знаю, что организация образовательного процесса требует проживания учеников в кампусе, без исключений. Москвичам придется конкурировать за поступление с самыми сильными ребятами из разных концов России, куда представители гимназии выезжают каждый год вербовать лучших, а это будет очень трудно. Школа 1568 имени Пабло Неруды Школа 1568 расположена в Медведково и является чуть ли не единственной сильной школой Северо-Востока Москвы, поэтому желающих поступить туда много. Школа — большой холдинг, в ней много классов в параллели начиная с первого. Однако, в 5 — 11 классах есть дополнительный набор. Это могут быть несколько классов в параллель «с нуля», например два пятых класса. Также, может быть добор в существующие классы. Школа действительно одна из лучших, с учетом ее монополистического положения на Северо-Востоке, конкурс высокий, проходят самые мотивированные и одаренные. Я сожалею, что у меня не так много информации про школу, так как она безусловно заслуживает быть в списке лучших. Надеюсь, что когда-нибудь мой ученик поступит туда, и получится написать о школе 1568 подробнее. Школа 1534 Основной набор в школу 1534 в пятые классы. 1534 — холдинг, много начальных классов, но и набор в спецклассы достаточно большой: 3-5 классов. Прежде всего, это математические специализация, есть также биомат и гуманитарный. У школы аж шесть зданий плюс три корпуса начальной школы, все они компактно расположены между метро Профсоюзная и Академическая. Вступительная компания в школе организована своеобразно: в марте проводится Открытая многопредметная олимпиада «Весна-1534». По ее результатам и формируются классы. Это, пожалуй, единственная сильная школа, в которой вступительные испытания организованы в один этап. Это несколько странно, но, с другой стороны, можно использовать «Весну 1534» в качестве запасного варианта. Не отвлекаясь от многоступенчатой вступительной эпопеи в топ физмат школы, написать хорошо олимпиаду и пойти в 1534, если постигнет неудача в других направлениях. При этом я ни в коем случае не предлагаю смотреть на школу 1534 как на «запасной вариант» или «трамплин» для поступления в Вторую школу или школу 57 в будущем. Школа дает сильную подготовку сама по себе, имеет достижения на рейтинговых олимпиадах, показывает очень высокий процент поступления в лучшие московские ВУЗы. Так что поступайте и учитесь, уверен, вы не будете разочарованы. Школа 1514 Школа 1514 — еще один гигантский холдинг (16 5-х классов в параллели), бывший когда-то, до эпохи слияний и поглощений, сильной гимназией 1514. Периодически (но не всегда) добирает один — два дополнительных гимназических класса, из своих лучших учеников + соискатели «со стороны». Школа сохранила костяк гимназического преподавательского коллектива, классы получаются сильными. Главная проблема в нерегулярности и непрозрачности набора. Почти каждый год меняются правила игры, нет ясности, сколько человек в какой класс будут набирать, в какую локацию. Так что акцентированную подготовку проводить сложно. Силаэдр Силаэдр — относительно новый проект физмат класса на базе химического лицея имени маршала Чуйкова. Один из немногих на юго-востоке Москвы. Силаэдр проводит набор в 5 класс (сам химический лицей набирает только старшие классы, 9+). Очень интересный проект, очень молодая команда учителей, у всех пока горят глаза. Правда, в 2024 проект покинула его создатель и вдохновитель, однако, насколько я знаю, на организацию обучения в классе это не повлияло. Да и сам проект очень молод, стартовал в 2016 году, первый выпуск в 2022. Время покажет, как у них пойдут дела, но на 2025 год — многообещающая структура с большим потенциалом. Отдельно хочу сказать о вступительной математике — она НЕРЕАЛЬНО сложная. Понятно, что никто все решить не может (я лично не знаю ни одного четвероклассника, способного решить последнюю задачу в их вступительном, хотя я знаю далеко не середнячков), проходной балл — обычно в районе половины задач. Класс я однозначно рекомендую, особенно для юго-востока. Своего нормального сайта у них, информацию о приеме и ДОД ищите на сайте школы имени Чуйкова. Курчатовская школа Курчатовская школа — наряду со школой 1210 — лучший территориально вариант для Севера-Запада Москвы, в частности Строгино. Конкурсные физико-математические классы обучаются в отдельном корпусе ФМО на Маршала Василевского, 9. Набор в 5-е и 10-й классы, в остальные только добор. Экзамены в целом вполне по зубам подготовленному четверокласснику, правда придется расширить знания по школьной программе, так как школа не стесняется давать задачки по отдельным темам пятого класса. Курчатовская школа проводит традиционную олимпиаду в феврале, на которую стоит сходить, чтобы попробовать свои силы. Вступительные экзамены в апреле. Хорошая, добротная школа, кружки, организация на уровне. Хотя в элиту матшкол Москвы все же наверное не входит. Остальные школы На самом деле в Москве много достойных школ и классов с конкурентным набором «со стороны» (что, с моей точки зрения, отличает сильную школу от просто перетасованных классов, гордо носящих имя Матвертикаль). То, что их нет в моем обзоре не означает, что они плохие. Просто я о них очень мало знаю. 67 школа на Кутузовском, лицей в Одинцово, Физтехлицей в Долгопрудном, и так далее, и так далее. Я приношу извинения таким классам и школам, что вы не попали в мой список. Если вы считаете, что о вас мне следует написать отдельную страничку — что-же, свяжитесь со мной, расскажите о себе, покажите свои вступительные. И я с удовольствием вас добавлю. Набор в школу по профилю происходит в пятые и восьмые классы. Раньше было два новых пятых класса, сейчас возможно расширение набора после объединения. Экзамены обычно проходят в апреле-мае в виде олимпиад по математике, русскому, английскому и метапредметное испытание. Нельзя сказать, что школа сильно выступает на олимпиадах, но образование добротное и широкое. Есть гуманитарное, математическое, физическое и биологическое направления. Меню",,,,,,,
mathex-silaedr,,Силаэдр,,"Другие топ физмат школы Москвы » © Mathex Меню Главная Школы Лучшие школы Москвы Что такое топ школы Как выбрать школу Поступление Поступление. Алгоритм действий Набор в школы по классам Кружки при школах Подготовка Кого и чему я учу Как все устроенно Стоимость О себе FAQ Блог Контакты Меню Вторая Школа 179 57 2007 ЦПМ Интеллектуал 1543 1533 ЛИТ 1535 Летово 1580 Другие Другие школы Какие-то школы я не включил в основной список и даю краткую информация по ним ниже. Какие-то я не упоминаю совсем. Это вовсе не потому, что эти школы хуже. Причины могут быть разные: Школа набирает только в 9 или более старшие классы. Например СУНЦ МГУ или Лицей ВШЭ У меня нет достоверной информации об этой школе. Просто копировать информацию из интернета желания нет, с этим родители могут справиться самостоятельно. В основном, это касается школ удаленных территориально от Юго-Запада, например, школа 1568, школа 444, физтех-лицей в Долгопрудном, Курчатовская школа В школу нет регулярного и прогнозируемого набора в новые классы. Готовиться год и попасть на непрозрачный добор на несколько свободных мест в классе, полагаю, никому не хочется. Например, таинственная школа 1589 Профиль школы по тем или иным причинам не подходит Либо она чисто гуманитарная, например Шуваловская гимназия (французский, право) или школа 1253 имени Сервантеса (испанский), либо она физмат, но с особыми ограничениями, например Университетская гимназия МГУ В любом случае, я не претендую на абсолютную истину в оценке и выборе лучших школ Москвы, не хочу приуменьшить или, наоборот, преувеличить успехи той или иной школы. Выбор в любом случае за ребенком и родителями, вы можете его сделать с моей помощью или без. Но какой-бы он ни был — впереди серьезная подготовка и конкурентные экзамены! Итак, о ком мне еще бы хотелось рассказать: Воробьевы Горы маткласс на Донской Проект 2*2 Университетская гимназия МГУ Школа 1568 имени Пабло Неруды Школа 1534 Школа 1514 Силаэдр Курчатовская школа Остальные школы Воробьевы Горы маткласс на Донской Лицей Воробьевы Горы раньше управлял кружками на базе Московского Дома Пионеров, с очень широкой специализацией, от вышивания до астрономии. Потом он трансформировался в общеобразовательное учреждение ГБПОУ «Воробьевы горы» . Сильный математический спецкласс с отдельным набором базируется на ул. Донская 37 (м. Шаболовская), именно на нем заострим внимание. В 2020 году случилось заметное событие на полях математического образования Москвы: после восьми лет успешного сотрудничества со школой 1329, команда Дмитрия Александровича Коробицина ушла из школы, и существенная часть учеников ФМ классов ушла из школы вслед за ним. Новым местом базирования ФМ классов Коробицина стало отделение на Донской лицея Воробьевы горы. Таким образом, в лицее появился очень сильный класс и очень сильный преподавательский состав. В класах преподают в основном бывшие выпускники Мехмата МГУ . Очень высокая планка по олимпиадной математике. Физика, химия, информатика с 6 класса. При отъездах на турниры и олимпиады, которые происходят несколько раз в год – некоторые поблажки по остальным предметам, режим благоприятствования со стороны руководства. Набор в класс продолжился и после 2020, но в последние годы, как мне кажется, проект не развивается так, как хотелось бы. Дмитрий Александрович сосредоточился главным образом на выездных математический лагерях, сильные школьники переходят в ЦПМ и Л2Ш. Что-же, мне жаль, что пока так все получается. Время покажет. Проект 2*2 Проект 2*2 — пионерский в создании партнерской модели образования. Суть модели такая: команда сильных преподавателей заключает партнерские соглашения с какой-либо общеобразовательной школой или целым холдингом. Команда создает один или несколько классов на базе конкурсного отбора, с сильной подготовкой и делегирует учеников на всевозможные олимпиады. Школа получает добавок к рейтингу, а команда — площадку для работы. Существенной частью проекта являются и кружки, математические лагеря и олимпиады. Создатель, вдохновитель и глава проекта — Елена Юрьевна Иванова — известный и уважаемый преподаватель, автор учебников и задачников. Однако, эта партнерская модель имеет свои риски. Особенно с учетом тенденций в российском школьном образовании. Дело в том, что если или руководство школы, или концепция школы меняется, классы 2*2 становятся «лишними», и им приходится искать новую школу и начинать многое сначала. Так, в 2020 году 2*2 расстался со своей «базовой» школой — 1329, и коллектив мигрировал в разных направлениях. К уже существующим классам в школах 1210 , 444 , 2086 добавились классы в школах 1273 и Покровский квартал . Уход из 1329 был, видимо, болезненным для проекта. Но зато география школ расширилась. В любом случае, проект 2*2 имеет долгую и успешную историю, преподаватели там замечательные. Следите за сайтом 2*2 в феврале — марте, чтобы не пропустить регистрацию в различные школы. Обращайте внимание на НАБОР в новые классы. ДОБОР — не тот процесс, чтобы на него делать главную ставку. Университет",https://mathex.ru/shkoly/drugie-top-school/,mathex,https://silaedr.ru/,[],,,,,,,,"Другие топ физмат школы Москвы » © Mathex Меню Главная Школы Лучшие школы Москвы Что такое топ школы Как выбрать школу Поступление Поступление. Алгоритм действий Набор в школы по классам Кружки при школах Подготовка Кого и чему я учу Как все устроенно Стоимость О себе FAQ Блог Контакты Меню Вторая Школа 179 57 2007 ЦПМ Интеллектуал 1543 1533 ЛИТ 1535 Летово 1580 Другие Другие школы Какие-то школы я не включил в основной список и даю краткую информация по ним ниже. Какие-то я не упоминаю совсем. Это вовсе не потому, что эти школы хуже. Причины могут быть разные: Школа набирает только в 9 или более старшие классы. Например СУНЦ МГУ или Лицей ВШЭ У меня нет достоверной информации об этой школе. Просто копировать информацию из интернета желания нет, с этим родители могут справиться самостоятельно. В основном, это касается школ удаленных территориально от Юго-Запада, например, школа 1568, школа 444, физтех-лицей в Долгопрудном, Курчатовская школа В школу нет регулярного и прогнозируемого набора в новые классы. Готовиться год и попасть на непрозрачный добор на несколько свободных мест в классе, полагаю, никому не хочется. Например, таинственная школа 1589 Профиль школы по тем или иным причинам не подходит Либо она чисто гуманитарная, например Шуваловская гимназия (французский, право) или школа 1253 имени Сервантеса (испанский), либо она физмат, но с особыми ограничениями, например Университетская гимназия МГУ В любом случае, я не претендую на абсолютную истину в оценке и выборе лучших школ Москвы, не хочу приуменьшить или, наоборот, преувеличить успехи той или иной школы. Выбор в любом случае за ребенком и родителями, вы можете его сделать с моей помощью или без. Но какой-бы он ни был — впереди серьезная подготовка и конкурентные экзамены! Итак, о ком мне еще бы хотелось рассказать: Воробьевы Горы маткласс на Донской Проект 2*2 Университетская гимназия МГУ Школа 1568 имени Пабло Неруды Школа 1534 Школа 1514 Силаэдр Курчатовская школа Остальные школы Воробьевы Горы маткласс на Донской Лицей Воробьевы Горы раньше управлял кружками на базе Московского Дома Пионеров, с очень широкой специализацией, от вышивания до астрономии. Потом он трансформировался в общеобразовательное учреждение ГБПОУ «Воробьевы горы» . Сильный математический спецкласс с отдельным набором базируется на ул. Донская 37 (м. Шаболовская), именно на нем заострим внимание. В 2020 году случилось заметное событие на полях математического образования Москвы: после восьми лет успешного сотрудничества со школой 1329, команда Дмитрия Александровича Коробицина ушла из школы, и существенная часть учеников ФМ классов ушла из школы вслед за ним. Новым местом базирования ФМ классов Коробицина стало отделение на Донской лицея Воробьевы горы. Таким образом, в лицее появился очень сильный класс и очень сильный преподавательский состав. В класах преподают в основном бывшие выпускники Мехмата МГУ . Очень высокая планка по олимпиадной математике. Физика, химия, информатика с 6 класса. При отъездах на турниры и олимпиады, которые происходят несколько раз в год – некоторые поблажки по остальным предметам, режим благоприятствования со стороны руководства. Набор в класс продолжился и после 2020, но в последние годы, как мне кажется, проект не развивается так, как хотелось бы. Дмитрий Александрович сосредоточился главным образом на выездных математический лагерях, сильные школьники переходят в ЦПМ и Л2Ш. Что-же, мне жаль, что пока так все получается. Время покажет. Проект 2*2 Проект 2*2 — пионерский в создании партнерской модели образования. Суть модели такая: команда сильных преподавателей заключает партнерские соглашения с какой-либо общеобразовательной школой или целым холдингом. Команда создает один или несколько классов на базе конкурсного отбора, с сильной подготовкой и делегирует учеников на всевозможные олимпиады. Школа получает добавок к рейтингу, а команда — площадку для работы. Существенной частью проекта являются и кружки, математические лагеря и олимпиады. Создатель, вдохновитель и глава проекта — Елена Юрьевна Иванова — известный и уважаемый преподаватель, автор учебников и задачников. Однако, эта партнерская модель имеет свои риски. Особенно с учетом тенденций в российском школьном образовании. Дело в том, что если или руководство школы, или концепция школы меняется, классы 2*2 становятся «лишними», и им приходится искать новую школу и начинать многое сначала. Так, в 2020 году 2*2 расстался со своей «базовой» школой — 1329, и коллектив мигрировал в разных направлениях. К уже существующим классам в школах 1210 , 444 , 2086 добавились классы в школах 1273 и Покровский квартал . Уход из 1329 был, видимо, болезненным для проекта. Но зато география школ расширилась. В любом случае, проект 2*2 имеет долгую и успешную историю, преподаватели там замечательные. Следите за сайтом 2*2 в феврале — марте, чтобы не пропустить регистрацию в различные школы. Обращайте внимание на НАБОР в новые классы. ДОБОР — не тот процесс, чтобы на него делать главную ставку. Университетская гимназия МГУ Университетская гимназия МГУ появилась совсем недавно, в 2016. Располагается в абсолютно новых роскошных зданиях университетского городка по другую сторону Ломоносовского от главного здания МГУ, рядом метро Университет. В школе есть полноценный пансионат, на полную неделю. Обучение, проживание и питание в гимназии бесплатное. Помимо старших, гимназия набирает 3 восьмых класса. Несмотря на недавнее открытие, ученики гимназии уже среди победителей рейтинговых олимпиад. Просто идеальные условия, школа — мечта. Гимназия создана прежде всего для талантов из регионов. Не уверен, что москвичам туда вход закрыт, не знаю. Знаю, что организация образовательного процесса требует проживания учеников в кампусе, без исключений. Москвичам придется конкурировать за поступление с самыми сильными ребятами из разных концов России, куда представители гимназии выезжают каждый год вербовать лучших, а это будет очень трудно. Школа 1568 имени Пабло Неруды Школа 1568 расположена в Медведково и является чуть ли не единственной сильной школой Северо-Востока Москвы, поэтому желающих поступить туда много. Школа — большой холдинг, в ней много классов в параллели начиная с первого. Однако, в 5 — 11 классах есть дополнительный набор. Это могут быть несколько классов в параллель «с нуля», например два пятых класса. Также, может быть добор в существующие классы. Школа действительно одна из лучших, с учетом ее монополистического положения на Северо-Востоке, конкурс высокий, проходят самые мотивированные и одаренные. Я сожалею, что у меня не так много информации про школу, так как она безусловно заслуживает быть в списке лучших. Надеюсь, что когда-нибудь мой ученик поступит туда, и получится написать о школе 1568 подробнее. Школа 1534 Основной набор в школу 1534 в пятые классы. 1534 — холдинг, много начальных классов, но и набор в спецклассы достаточно большой: 3-5 классов. Прежде всего, это математические специализация, есть также биомат и гуманитарный. У школы аж шесть зданий плюс три корпуса начальной школы, все они компактно расположены между метро Профсоюзная и Академическая. Вступительная компания в школе организована своеобразно: в марте проводится Открытая многопредметная олимпиада «Весна-1534». По ее результатам и формируются классы. Это, пожалуй, единственная сильная школа, в которой вступительные испытания организованы в один этап. Это несколько странно, но, с другой стороны, можно использовать «Весну 1534» в качестве запасного варианта. Не отвлекаясь от многоступенчатой вступительной эпопеи в топ физмат школы, написать хорошо олимпиаду и пойти в 1534, если постигнет неудача в других направлениях. При этом я ни в коем случае не предлагаю смотреть на школу 1534 как на «запасной вариант» или «трамплин» для поступления в Вторую школу или школу 57 в будущем. Школа дает сильную подготовку сама по себе, имеет достижения на рейтинговых олимпиадах, показывает очень высокий процент поступления в лучшие московские ВУЗы. Так что поступайте и учитесь, уверен, вы не будете разочарованы. Школа 1514 Школа 1514 — еще один гигантский холдинг (16 5-х классов в параллели), бывший когда-то, до эпохи слияний и поглощений, сильной гимназией 1514. Периодически (но не всегда) добирает один — два дополнительных гимназических класса, из своих лучших учеников + соискатели «со стороны». Школа сохранила костяк гимназического преподавательского коллектива, классы получаются сильными. Главная проблема в нерегулярности и непрозрачности набора. Почти каждый год меняются правила игры, нет ясности, сколько человек в какой класс будут набирать, в какую локацию. Так что акцентированную подготовку проводить сложно. Силаэдр Силаэдр — относительно новый проект физмат класса на базе химического лицея имени маршала Чуйкова. Один из немногих на юго-востоке Москвы. Силаэдр проводит набор в 5 класс (сам химический лицей набирает только старшие классы, 9+). Очень интересный проект, очень молодая команда учителей, у всех пока горят глаза. Правда, в 2024 проект покинула его создатель и вдохновитель, однако, насколько я знаю, на организацию обучения в классе это не повлияло. Да и сам проект очень молод, стартовал в 2016 году, первый выпуск в 2022. Время покажет, как у них пойдут дела, но на 2025 год — многообещающая структура с большим потенциалом. Отдельно хочу сказать о вступительной математике — она НЕРЕАЛЬНО сложная. Понятно, что никто все решить не может (я лично не знаю ни одного четвероклассника, способного решить последнюю задачу в их вступительном, хотя я знаю далеко не середнячков), проходной балл — обычно в районе половины задач. Класс я однозначно рекомендую, особенно для юго-востока. Своего нормального сайта у них, информацию о приеме и ДОД ищите на сайте школы имени Чуйкова. Курчатовская школа Курчатовская школа — наряду со школой 1210 — лучший территориально вариант для Севера-Запада Москвы, в частности Строгино. Конкурсные физико-математические классы обучаются в отдельном корпусе ФМО на Маршала Василевского, 9. Набор в 5-е и 10-й классы, в остальные только добор. Экзамены в целом вполне по зубам подготовленному четверокласснику, правда придется расширить знания по школьной программе, так как школа не стесняется давать задачки по отдельным темам пятого класса. Курчатовская школа проводит традиционную олимпиаду в феврале, на которую стоит сходить, чтобы попробовать свои силы. Вступительные экзамены в апреле. Хорошая, добротная школа, кружки, организация на уровне. Хотя в элиту матшкол Москвы все же наверное не входит. Остальные школы На самом деле в Москве много достойных школ и классов с конкурентным набором «со стороны» (что, с моей точки зрения, отличает сильную школу от просто перетасованных классов, гордо носящих имя Матвертикаль). То, что их нет в моем обзоре не означает, что они плохие. Просто я о них очень мало знаю. 67 школа на Кутузовском, лицей в Одинцово, Физтехлицей в Долгопрудном, и так далее, и так далее. Я приношу извинения таким классам и школам, что вы не попали в мой список. Если вы считаете, что о вас мне следует написать отдельную страничку — что-же, свяжитесь со мной, расскажите о себе, покажите свои вступительные. И я с удовольствием вас добавлю. Набор в школу по профилю происходит в пятые и восьмые классы. Раньше было два новых пятых класса, сейчас возможно расширение набора после объединения. Экзамены обычно проходят в апреле-мае в виде олимпиад по математике, русскому, английскому и метапредметное испытание. Нельзя сказать, что школа сильно выступает на олимпиадах, но образование добротное и широкое. Есть гуманитарное, математическое, физическое и биологическое направления. Меню",,,,,,,
forbes-low-01,,Абсолют,,"«Абсолют» — первая частная инклюзивная школа в России, обучающая детей с ограниченными возможностями здоровья. Школу финансирует фонд «Абсолют-Помощь». Большинство учеников — приемные дети из многодетных семей. «Абсолют» — одна из ведущих методических площадок, реализующих инновационные методы инклюзивного образования.",,forbes,,,,,,,,,,,low,,2014,"[""Московская область, городской округ Серпухов, деревня Райсеменовское, 12а""]",https://www.forbes.ru/,"«Абсолют» — первая частная инклюзивная школа в России, обучающая детей с ограниченными возможностями здоровья. Школу финансирует фонд «Абсолют-Помощь». Большинство учеников — приемные дети из многодетных семей. «Абсолют» — одна из ведущих методических площадок, реализующих инновационные методы инклюзивного образования.","Приоритетные ценности: естественное развитие и индивидуальный темп, сотрудничество и командная работа, эмоциональная безопасность и поддержка."
forbes-low-02,,Вектор,,"Школа стремится воспитать мыслящих граждан, которые не только владеют необходимыми знаниями и навыками, но и испытывают подлинный интерес к познанию. Ученики «Вектора» регулярно становятся призерами предметных олимпиад и интеллектуальных конкурсов. Школа предлагает разнообразную программу дополнительных занятий и множество кружков.",,forbes,,,,,,,,,,,low,320 000 — 540 000,1997,"[""Московская область, Мытищи, Летная улица, 21б""]",https://www.forbes.ru/,"Школа стремится воспитать мыслящих граждан, которые не только владеют необходимыми знаниями и навыками, но и испытывают подлинный интерес к познанию. Ученики «Вектора» регулярно становятся призерами предметных олимпиад и интеллектуальных конкурсов. Школа предлагает разнообразную программу дополнительных занятий и множество кружков.","Приоритетные ценности: доброта и взаимопомощь, моральные и семейные ценности, эмпатия и способность понимать других."
forbes-low-03,,Колледж XXI века,,"Образование в «Колледже XXI века» опирается на принципы гуманной педагогики: учителя прислушиваются к мнению и чувствам детей, стремятся понять позицию каждого ребенка и принять его таким, какой он есть. Дисциплина поддерживается за счет любви, доверия и взаимного уважения. В школе считают, что ошибка — это шаг к совершенству.",,forbes,,,,,,,,,,,low,445 000 — 560 000,1991,"[""Москва, Солнцевский проспект, 7к3""]",https://www.forbes.ru/,"Образование в «Колледже XXI века» опирается на принципы гуманной педагогики: учителя прислушиваются к мнению и чувствам детей, стремятся понять позицию каждого ребенка и принять его таким, какой он есть. Дисциплина поддерживается за счет любви, доверия и взаимного уважения. В школе считают, что ошибка — это шаг к совершенству.","Приоритетные ценности: моральные и семейные ценности, самореализация и развитие талантов, эмоциональная безопасность и поддержка."
forbes-low-04,,Лицей ЭКУС,,"Лицей ЭКУС — это школа с углубленным изучением дисциплин технолого-математического профиля, а также русского и английского языков и естественных наук. Программа включает в себя риторику, черчение и программирование. Ученики лицея — академически одаренные и мотивированные дети, которые ежегодно становятся призерами и победителями олимпиад.",,forbes,,,,,,,,,,,low,265 500 — 294 300,1991,"[""Московская область, Подольск, Народная улица, 12""]",https://www.forbes.ru/,"Лицей ЭКУС — это школа с углубленным изучением дисциплин технолого-математического профиля, а также русского и английского языков и естественных наук. Программа включает в себя риторику, черчение и программирование. Ученики лицея — академически одаренные и мотивированные дети, которые ежегодно становятся призерами и победителями олимпиад.","Приоритетные ценности: академические достижения и результативность, доброта и взаимопомощь, самореализация и развитие талантов."
forbes-low-05,,Лотос,,"Учредители школы, Александр и Вера Щёголь, хотели создать насыщенную и интересную образовательную среду для собственных детей. Они открыли школу, в которой сотрудники и ученики — одна большая семья, а дети чувствуют себя свободно и защищенно. В «Лотосе» убеждены, что успех необязательно сводится к высоким баллам на экзаменах: каждый ребенок может поверить в себя и достичь своих высот.",,forbes,,,,,,,,,,,low,540 000 — 579 500,1992,"[""Москва, Шенкурский проезд, 5""]",https://www.forbes.ru/,"Учредители школы, Александр и Вера Щёголь, хотели создать насыщенную и интересную образовательную среду для собственных детей. Они открыли школу, в которой сотрудники и ученики — одна большая семья, а дети чувствуют себя свободно и защищенно. В «Лотосе» убеждены, что успех необязательно сводится к высоким баллам на экзаменах: каждый ребенок может поверить в себя и достичь своих высот.","Приоритетные ценности: ответственность за свои действия и обучение, сотрудничество и командная работа, самореализация и развитие талантов."
forbes-low-06,,Русская школа,,"«Русская школа» — светское учебное заведение с элементами православного воспитания — стремится сформировать у учеников активную жизненную позицию. Школьники участвуют в творческих конкурсах, предметных олимпиадах, театральных фестивалях и научных конференциях. Программа дополнительного образования включает в себя самые разные занятия.",,forbes,,,,,,,,,,,low,310 000 — 450 000,1997,"[""Московская область, г. Видное, ул. Советская, дом 16""]",https://www.forbes.ru/,"«Русская школа» — светское учебное заведение с элементами православного воспитания — стремится сформировать у учеников активную жизненную позицию. Школьники участвуют в творческих конкурсах, предметных олимпиадах, театральных фестивалях и научных конференциях. Программа дополнительного образования включает в себя самые разные занятия.","Приоритетные ценности: моральные и семейные ценности, патриотизм и гражданские добродетели, самореализация и развитие талантов."
forbes-low-07,,Самсон,,"Учредитель школы — малое научно-производственное предприятие «Самсон», специализирующееся на профилактической и лечебной медицине. Среди приоритетов школы — академические достижения учеников и создание среды, сберегающей здоровье. Часть здания и территории отведена под собственный спортивный комплекс и зону отдыха.",,forbes,,,,,,,,,,,low,405 000 — 540 000,1992,"[""Москва, Кленовый бульвар, 7к2""]",https://www.forbes.ru/,"Учредитель школы — малое научно-производственное предприятие «Самсон», специализирующееся на профилактической и лечебной медицине. Среди приоритетов школы — академические достижения учеников и создание среды, сберегающей здоровье. Часть здания и территории отведена под собственный спортивный комплекс и зону отдыха.","Приоритетные ценности: академические достижения и результативность, патриотизм и гражданские добродетели, самореализация и развитие талантов."
forbes-low-08,,Солнечный ветер,,"В «Солнечном ветре» убеждены: школьные годы обязательно должны быть наполнены смыслом и радостью. Педагоги опираются на лучшие традиции советского и российского образования, дополняя их современными методами и адаптируя программу под каждого ребенка. Родители учеников утверждают, что в школе царит атмосфера дружбы и взаимной поддержки.",,forbes,,,,,,,,,,,low,522 000,1996,"[""Москва, улица Академика Варги, 2а""]",https://www.forbes.ru/,"В «Солнечном ветре» убеждены: школьные годы обязательно должны быть наполнены смыслом и радостью. Педагоги опираются на лучшие традиции советского и российского образования, дополняя их современными методами и адаптируя программу под каждого ребенка. Родители учеников утверждают, что в школе царит атмосфера дружбы и взаимной поддержки.","Приоритетные ценности: доброта и взаимопомощь, ответственность за свои действия и обучение, сотрудничество и командная работа."
forbes-low-09,,Центр образования «Столичный»,,"Школа обогащает государственные стандарты, которые лежат в основе образовательного процесса, авторскими методиками развития. Они направлены на раскрытие талантов каждого ребенка. Этому способствуют различные программы дополнительного образования, в том числе специализированные курсы, кружки и секции по интересам.",,forbes,,,,,,,,,,,low,378 000 — 710 500,1991,"[""Москва, Чертановская улица, 34а""]",https://www.forbes.ru/,"Школа обогащает государственные стандарты, которые лежат в основе образовательного процесса, авторскими методиками развития. Они направлены на раскрытие талантов каждого ребенка. Этому способствуют различные программы дополнительного образования, в том числе специализированные курсы, кружки и секции по интересам.","Приоритетные ценности: патриотизм и гражданские добродетели, самореализация и развитие талантов, уважение к личности, разнообразию мнений и культур."
forbes-mid-01,,Академическая гимназия,,"В Академической гимназии верят в ценность школьных традиций с разумной долей инноваций. Педагогическая команда помогает ученикам достигать высоких академических результатов, но также стремится создавать здоровьесберегающие условия обучения.",,forbes,,,,,,,,,,,mid,1 000 000,1994,"[""Москва, Новодмитровская улица, 2с9"", ""Москва, 6-й Лучевой просек, 21с11""]",https://www.forbes.ru/,"В Академической гимназии верят в ценность школьных традиций с разумной долей инноваций. Педагогическая команда помогает ученикам достигать высоких академических результатов, но также стремится создавать здоровьесберегающие условия обучения.","Приоритетные ценности: академические достижения и результативность, дисциплина и порядок, уважение к авторитету."
forbes-mid-02,,Гимназия Святителя Василия Великого,,"Православная гимназия исповедует консервативные ценности, используя в качестве эталона традиции русского образования конца XIX — начала XX века. Помимо обязательных дисциплин, здесь преподают православное богословие, церковнославянский язык, латынь. Школа делает упор на нравственное воспитание.",,forbes,,,,,,,,,,,mid,909 000 — 1 116 000,2006,"[""Московская область, Одинцовский городской округ, деревня Зайцево, Кокошкинское шоссе, 1""]",https://www.forbes.ru/,"Православная гимназия исповедует консервативные ценности, используя в качестве эталона традиции русского образования конца XIX — начала XX века. Помимо обязательных дисциплин, здесь преподают православное богословие, церковнославянский язык, латынь. Школа делает упор на нравственное воспитание.","Приоритетные ценности: моральные и семейные ценности, ответственность за свои действия и обучение, патриотизм и гражданские добродетели."
forbes-mid-03,,Горчаковский лицей МГИМО,,"Учрежденный МГИМО, Горчаковский лицей позволяет заранее начать подготовку к учебе в институте: погрузиться в его атмосферу, определиться с факультетом, познакомиться с преподавателями. Образовательная модель предполагает возможность составить собственную траекторию обучения, выбрав направления: от социально-гуманитарного до медицинского.",,forbes,,,,,,,,,,,mid,900 000 — 1 050 000,2016,"[""Московская область, Одинцово, Новоcпортивная улица, 3""]",https://www.forbes.ru/,"Учрежденный МГИМО, Горчаковский лицей позволяет заранее начать подготовку к учебе в институте: погрузиться в его атмосферу, определиться с факультетом, познакомиться с преподавателями. Образовательная модель предполагает возможность составить собственную траекторию обучения, выбрав направления: от социально-гуманитарного до медицинского.","Приоритетные ценности: академические достижения и результативность, конкуренция и индивидуальные достижения, уважение к личности, разнообразию мнений и культур."
forbes-mid-04,,Древо познаний,,"«Древо познаний» — школа, в которой ценится не механическое запоминание фактов, а аналитическое мышление. Дети учатся искать причинно-следственные связи и отличать достоверную информацию от вымысла. Школа делает акцент на активных формах обучения. Вместо пятибалльной системы здесь используется альтернативная шкала оценивания.",,forbes,,,,,,,,,,,mid,605 000,2022,"[""Московская область, Жуковский, улица Калугина, 9/1""]",https://www.forbes.ru/,"«Древо познаний» — школа, в которой ценится не механическое запоминание фактов, а аналитическое мышление. Дети учатся искать причинно-следственные связи и отличать достоверную информацию от вымысла. Школа делает акцент на активных формах обучения. Вместо пятибалльной системы здесь используется альтернативная шкала оценивания.","Приоритетные ценности: академические достижения и результативность, естественное развитие и индивидуальный темп, сотрудничество и командная работа."
forbes-mid-05,,Европейская гимназия,,"На всех уровнях обучения школа обогащает российскую программу лучшими мировыми образовательными практиками. Основной язык преподавания — русский, а с 5-го класса часть предметов преподается на английском. С трех лет дети занимаются проектной деятельностью, оттачивают навыки критического и креативного мышления. Школа сочетает высокие академические стандарты с атмосферой свободы и взаимного уважения.",,forbes,,,,,,,,,,,mid,775 000 — 1 143 000,1992,"[""Москва, улица Сокольнический Вал, 28""]",https://www.forbes.ru/,"На всех уровнях обучения школа обогащает российскую программу лучшими мировыми образовательными практиками. Основной язык преподавания — русский, а с 5-го класса часть предметов преподается на английском. С трех лет дети занимаются проектной деятельностью, оттачивают навыки критического и креативного мышления. Школа сочетает высокие академические стандарты с атмосферой свободы и взаимного уважения.","Приоритетные ценности: ответственность за свои действия и обучение, самореализация и развитие талантов, эмоциональная безопасность и поддержка."
forbes-mid-06,,Золотое сечение,,"Все ученики углубленно изучают два иностранных языка: английский и один по выбору (испанский, итальянский, китайский, немецкий или французский). В старшей школе можно выбрать профиль: естественно-научный, гуманитарный или физико-математический — либо продолжить обучение в общеобразовательной группе. Главные ценности школы — сотрудничество, ответственность, доверие и развитие.",,forbes,,,,,,,,,,,mid,1 120 000 — 1 300 000,1992,"[""Москва, Ленинский проспект, 13а (5–11-й класс)"", ""Москва, Комсомольский проспект, 45 (детский сад и начальная школа)""]",https://www.forbes.ru/,"Все ученики углубленно изучают два иностранных языка: английский и один по выбору (испанский, итальянский, китайский, немецкий или французский). В старшей школе можно выбрать профиль: естественно-научный, гуманитарный или физико-математический — либо продолжить обучение в общеобразовательной группе. Главные ценности школы — сотрудничество, ответственность, доверие и развитие.","Приоритетные ценности: академические достижения и результативность, моральные и семейные ценности, сотрудничество и командная работа."
forbes-mid-07,,Карьера,,"Старшая школа «Карьера» и начальная школа «Интеллект» — авторские проекты, основанные Кариной Черняковой, которая руководит ими по сей день. Школы представляют собой пространство для обучения и развития, в котором дети и педагоги находятся в комфортной среде, способствующей самореализации и развитию творческого потенциала.",,forbes,,,,,,,,,,,mid,650 000 — 730 000,1998,"[""Москва, Краснодарская улица, 11"", ""Москва, Ставропольская улица, 16"", ""Новохохловская ул., 15к4.""]",https://www.forbes.ru/,"Старшая школа «Карьера» и начальная школа «Интеллект» — авторские проекты, основанные Кариной Черняковой, которая руководит ими по сей день. Школы представляют собой пространство для обучения и развития, в котором дети и педагоги находятся в комфортной среде, способствующей самореализации и развитию творческого потенциала.","Приоритетные ценности: ответственность за свои действия и обучение, самореализация и развитие талантов, сотрудничество и командная работа."
forbes-mid-08,,Колибри,,"Частная билингвальная школа «Колибри» проводит обучение сразу на двух языках: русском и английском. Небольшие классы, широкий спектр элективных курсов, тьюторская поддержка и богатая внеклассная деятельность помогают реализовывать индивидуальный подход к обучению каждого ребенка.",,forbes,,,,,,,,,,,mid,700 000 — 720 000,1993,"[""Москва, Никитинская улица, 24а""]",https://www.forbes.ru/,"Частная билингвальная школа «Колибри» проводит обучение сразу на двух языках: русском и английском. Небольшие классы, широкий спектр элективных курсов, тьюторская поддержка и богатая внеклассная деятельность помогают реализовывать индивидуальный подход к обучению каждого ребенка.","Приоритетные ценности: академические достижения и результативность, уважение к личности, разнообразию мнений и культур, эмоциональная безопасность и поддержка."
forbes-mid-09,,Лидер,,"Школа «Лидер» и прогимназия «Белоснежка» составляют единую образовательную экосистему. В прогимназии занимаются дошколь­ники и младшие школьники, а школа «Лидер» ведет обучение по программам основного и среднего образования. В школе ценят традиционные педагогические подходы и тщательно следят за успеваемостью учеников.",,forbes,,,,,,,,,,,mid,525 000 — 740 000,2004,"[""Москва, Юровская улица, 41"", ""Москва, Куркинское шоссе, 42к3""]",https://www.forbes.ru/,"Школа «Лидер» и прогимназия «Белоснежка» составляют единую образовательную экосистему. В прогимназии занимаются дошколь­ники и младшие школьники, а школа «Лидер» ведет обучение по программам основного и среднего образования. В школе ценят традиционные педагогические подходы и тщательно следят за успеваемостью учеников.","Приоритетные ценности: академические достижения и результативность, лидерские качества и инициативность, эмоциональная безопасность и поддержка."
forbes-mid-10,,Лидеры,,"Школа нацелена на формирование у учеников лидерских качеств, активной жизненной позиции, самостоятельности, стратегического мышления, коммуникативных навыков. Она стремится ­ создать условия для всестороннего развития детей и предложить им сильное классическое образование.",,forbes,,,,,,,,,,,mid,1 140 000,2015,"[""Московская область, Одинцовский городской округ, село Ромашково, Никольская улица, 16к2""]",https://www.forbes.ru/,"Школа нацелена на формирование у учеников лидерских качеств, активной жизненной позиции, самостоятельности, стратегического мышления, коммуникативных навыков. Она стремится ­ создать условия для всестороннего развития детей и предложить им сильное классическое образование.","Приоритетные ценности: академические достижения и результативность, доброта и взаимопомощь, лидерские качества и инициативность."
forbes-mid-11,,Лучик,,"«Лучик» — первый частный детский сад, зарегистрированный в России. Он открылся в 1988 году, а через семь лет появилась школа. «Лучик» создавался как альтернатива государственному образованию: без муштры и уравниловки, с убеждением, что каждый ребенок — личность. Сегодня центр образования включает в себя два детских сада, начальную, основную и среднюю школу. «Лучик» придерживается личностно ориентированного подхода к обучению и воспитанию, а одна из его главных ценностей — безусловное принятие ребенка.",,forbes,,,,,,,,,,,mid,495 000 — 841 000,1995,"[""Москва, улица Вучетича, 7а""]",https://www.forbes.ru/,"«Лучик» — первый частный детский сад, зарегистрированный в России. Он открылся в 1988 году, а через семь лет появилась школа. «Лучик» создавался как альтернатива государственному образованию: без муштры и уравниловки, с убеждением, что каждый ребенок — личность. Сегодня центр образования включает в себя два детских сада, начальную, основную и среднюю школу. «Лучик» придерживается личностно ориентированного подхода к обучению и воспитанию, а одна из его главных ценностей — безусловное принятие ребенка.","Приоритетные ценности: академические достижения и результативность, моральные и семейные ценности, эмоциональная безопасность и поддержка."
forbes-mid-12,,Москвич,,"«Москвич» видит свою задачу в том, чтобы давать качественное образование с опорой на традиции русской школы и уважение к личности учащегося. Наряду с обычными уроками школа регулярно проводит занятия в научных учреждениях и музеях. Благодаря небольшому размеру классов (9–16 человек) и мастерству педагогов ученики «Москвича» получают высокие баллы на выпускных экзаменах и успешно поступают в ведущие вузы России.",,forbes,,,,,,,,,,,mid,680 000,1991,"[""Москва, Ленинский проспект, 86б""]",https://www.forbes.ru/,"«Москвич» видит свою задачу в том, чтобы давать качественное образование с опорой на традиции русской школы и уважение к личности учащегося. Наряду с обычными уроками школа регулярно проводит занятия в научных учреждениях и музеях. Благодаря небольшому размеру классов (9–16 человек) и мастерству педагогов ученики «Москвича» получают высокие баллы на выпускных экзаменах и успешно поступают в ведущие вузы России.","Приоритетные ценности: академические достижения и результативность, моральные и семейные ценности, самореализация и развитие талантов."
forbes-mid-13,,Московский лицей «Ступени»,,"Московский лицей «Ступени» задумывался как камерное учебное заведение, которое станет альтернативой стандартизированной государственной школе. Более трех десятилетий лицей придерживается идеи о том, что к каждому ученику нужно найти индивидуальный подход, в рамках которого ребенок будет находиться в фокусе внимания педагогов и воспитателей, а школа и семья будут растить и развивать его сообща.",,forbes,,,,,,,,,,,mid,798 300,1990,"[""Москва, Скорняжный переулок, 3с2""]",https://www.forbes.ru/,"Московский лицей «Ступени» задумывался как камерное учебное заведение, которое станет альтернативой стандартизированной государственной школе. Более трех десятилетий лицей придерживается идеи о том, что к каждому ученику нужно найти индивидуальный подход, в рамках которого ребенок будет находиться в фокусе внимания педагогов и воспитателей, а школа и семья будут растить и развивать его сообща.","Приоритетные ценности: академические достижения и результативность, дисциплина и порядок, моральные и семейные ценности."
forbes-mid-14,,Муми-Тролль,,"В «Муми-Тролле» с детьми с самого начала обучения работают педагоги-предметники, а за каждым классом закреплен куратор. Учителя помогают детям не только осваивать программу, но и выстраивать отношения: быть внимательными, дружить, поддерживать друг друга. Ученики старшей школы демонстрируют высокие результаты на выпускных экзаменах — школа входит в число лучших по этому показателю.",,forbes,,,,,,,,,,,mid,С 753 000 — 890 000,1990,"[""Москва, Волоколамское шоссе, 1а"", ""Московская область, Химки, микрорайон Новогорск, Соколовская улица, 10""]",https://www.forbes.ru/,"В «Муми-Тролле» с детьми с самого начала обучения работают педагоги-предметники, а за каждым классом закреплен куратор. Учителя помогают детям не только осваивать программу, но и выстраивать отношения: быть внимательными, дружить, поддерживать друг друга. Ученики старшей школы демонстрируют высокие результаты на выпускных экзаменах — школа входит в число лучших по этому показателю.","Приоритетные ценности: академические достижения и результативность, самореализация и развитие талантов, уважение к личности, разнообразию мнений и культур."
forbes-mid-15,,Наследник,,"Школа опирается на традиции фундаментального российского образования и использует новейшие технологии. «Наследник» стал первой школой в стране, реализующей программу ранней практической профориентации школьников. Обучение ведется по информационно-­технологическому, физико-математическому, экономико-юридическому и лингвистическому профилям, а также по индивидуальным учебным планам.",,forbes,,,,,,,,,,,mid,960 400 — 1 395 000,1992,"[""Москва, улица Борисовские Пруды, 19к1""]",https://www.forbes.ru/,"Школа опирается на традиции фундаментального российского образования и использует новейшие технологии. «Наследник» стал первой школой в стране, реализующей программу ранней практической профориентации школьников. Обучение ведется по информационно-­технологическому, физико-математическому, экономико-юридическому и лингвистическому профилям, а также по индивидуальным учебным планам.","Приоритетные ценности: академические достижения и результативность, лидерские качества и инициативность, равенство и самоуправление."
forbes-mid-16,,Ника,,"«Ника» — одна из крупнейших частных школ Москвы. Ею по сей день руководит основательница — психолог Ирина Рублева. В «Нике» не гонятся за высокими баллами, но и не принимают детей, которые не хотят учиться: школе важно, чтобы ее сообщество оставалось дружным, открытым и ориентированным на результат. «Ника» — ассоциированная школа ЮНЕСКО и экспериментальная методологическая площадка Российской академии образования.",,forbes,,,,,,,,,,,mid,942 000 — 991 300,1995,"[""Москва, поселение Краснопахорское, село Красное, 3а"", ""Москва, улица Каховка, 33к2"", ""Москва, Малая Юшуньская улица, 4""]",https://www.forbes.ru/,"«Ника» — одна из крупнейших частных школ Москвы. Ею по сей день руководит основательница — психолог Ирина Рублева. В «Нике» не гонятся за высокими баллами, но и не принимают детей, которые не хотят учиться: школе важно, чтобы ее сообщество оставалось дружным, открытым и ориентированным на результат. «Ника» — ассоциированная школа ЮНЕСКО и экспериментальная методологическая площадка Российской академии образования.","Приоритетные ценности: академические достижения и результативность, самореализация и развитие талантов, эмоциональная безопасность и поддержка."
forbes-mid-17,,Новая школа,,"Учредитель школы — благотворительный фонд «Дар», проект частного инвестора Никиты Мишина. Главная цель учебного заведения — помочь детям ­ узнать свои сильные и слабые стороны, научиться принимать осознанные решения и делать самостоятельный выбор. При отборе детей первостепенную роль играют не оценки, а совпадение ценностей семьи с философией школы.",,forbes,,,,,,,,,,,mid,1 070 000,2017,"[""Москва, Мосфильмовская улица, 88к5""]",https://www.forbes.ru/,"Учредитель школы — благотворительный фонд «Дар», проект частного инвестора Никиты Мишина. Главная цель учебного заведения — помочь детям ­ узнать свои сильные и слабые стороны, научиться принимать осознанные решения и делать самостоятельный выбор. При отборе детей первостепенную роль играют не оценки, а совпадение ценностей семьи с философией школы.","Приоритетные ценности: ответственность за свои действия и обучение, самореализация и развитие талантов, сотрудничество и командная работа."
forbes-mid-18,,Областная гимназия имени Е. М. Примакова,,"Гимназия имени Е. М. Примакова — флагманская билингвальная школа Московской области для одаренных детей. Обучение здесь ведется на двух языках: русском и английском. В школе применяют инновационные методики со всего мира, в том числе сингапурскую модель и проектное обучение. Благодаря внеурочной программе и дополнительным занятиям ученики находятся в атмосфере, настраивающей на творчество и развитие.",,forbes,,,,,,,,,,,mid,990 000,2017,"[""Московская область, Одинцовский городской округ, деревня Раздоры, Утренняя улица, 1""]",https://www.forbes.ru/,"Гимназия имени Е. М. Примакова — флагманская билингвальная школа Московской области для одаренных детей. Обучение здесь ведется на двух языках: русском и английском. В школе применяют инновационные методики со всего мира, в том числе сингапурскую модель и проектное обучение. Благодаря внеурочной программе и дополнительным занятиям ученики находятся в атмосфере, настраивающей на творчество и развитие.","Приоритетные ценности: академические достижения и результативность, лидерские качества и инициативность, сотрудничество и командная работа."
forbes-mid-19,,Областной технолицей имени В. И. Долгих,,"Технолицей — частная школа, учрежденная правительством Московской области и гимназией имени Е. М. Примакова при поддержке «Норникеля». Миссия учебного заведения — «подготовка технологических лидеров в соответствии с национальными интересами России».",,forbes,,,,,,,,,,,mid,990 000,2023,"[""Московская область, муниципальный округ Истра, село Павловская Слобода, Академическая улица, 1""]",https://www.forbes.ru/,"Технолицей — частная школа, учрежденная правительством Московской области и гимназией имени Е. М. Примакова при поддержке «Норникеля». Миссия учебного заведения — «подготовка технологических лидеров в соответствии с национальными интересами России».","Приоритетные ценности: академические достижения и результативность, лидерские качества и инициативность, моральные и семейные ценности."
forbes-mid-20,,Олимп-Плюс,,"Частная школа «Олимп-Плюс» входит в экосистему, объединяющую несколько образовательных проектов, в числе которых школа заочного обучения МШСО и Горчаковский лицей МГИМО. Миссия школы — создать безопасную среду, где можно раскрыть собственный потенциал. Педагогическая команда поддерживает каждого ребенка и создает климат, в котором учителя и ученики бережно относятся друг к другу.",,forbes,,,,,,,,,,,mid,923 000 — 1 073 000,1998,"[""Москва, Рублевское шоссе, 121""]",https://www.forbes.ru/,"Частная школа «Олимп-Плюс» входит в экосистему, объединяющую несколько образовательных проектов, в числе которых школа заочного обучения МШСО и Горчаковский лицей МГИМО. Миссия школы — создать безопасную среду, где можно раскрыть собственный потенциал. Педагогическая команда поддерживает каждого ребенка и создает климат, в котором учителя и ученики бережно относятся друг к другу.","Приоритетные ценности: академические достижения и результативность, ответственность за свои действия и обучение, самореализация и развитие талантов."
forbes-mid-21,,СААШ «Марина»,,"В славянско-англо-американской школе «Марина» преподавание ведется на двух языках — русском и английском. Ученики также осваивают два иностранных языка из трех по выбору: немецкий, испанский или французский. В школе работают российские и иностранные преподаватели, а программа ­ предполагает образовательный и культурный обмен. Школьники участвуют в международных конкурсах и олимпиадах.",,forbes,,,,,,,,,,,mid,600 000,1991,"[""Москва, улица Панферова, 6к2""]",https://www.forbes.ru/,"В славянско-англо-американской школе «Марина» преподавание ведется на двух языках — русском и английском. Ученики также осваивают два иностранных языка из трех по выбору: немецкий, испанский или французский. В школе работают российские и иностранные преподаватели, а программа ­ предполагает образовательный и культурный обмен. Школьники участвуют в международных конкурсах и олимпиадах.","Приоритетные ценности: доброта и взаимопомощь, самореализация и развитие талантов, сотрудничество и командная работа."
forbes-mid-22,,Феникс,,"При разработке образовательной программы школы «Феникс» методисты руководствовались принципами развивающего обучения, возрастной адекватности, деятельностного подхода и амплификации детского развития. В «Фениксе» убеждены, что школа — территория взаимного развития детей и взрослых, а главными ценностями считают уважение, доверие и профессионализм.",,forbes,,,,,,,,,,,mid,342 000 — 825 000,2010,"[""Москва, Профсоюзная улица, 27к3""]",https://www.forbes.ru/,"При разработке образовательной программы школы «Феникс» методисты руководствовались принципами развивающего обучения, возрастной адекватности, деятельностного подхода и амплификации детского развития. В «Фениксе» убеждены, что школа — территория взаимного развития детей и взрослых, а главными ценностями считают уважение, доверие и профессионализм.","Приоритетные ценности: моральные и семейные ценности, ответственность за свои действия и обучение, эмпатия и способность понимать других."
forbes-mid-23,,Школа ЦПМ,,"Школа была создана Центром педагогического мастерства, занимающимся подготовкой к всероссийским и международным интеллектуальным соревнованиям. В школе дети не только получают общее образование, но и проходят олимпиадную подготовку. Обучение в 8–9-х классах ведется по междисциплинарным программам. Старшеклассники выбирают узкую специализацию.",,forbes,,,,,,,,,,,mid,577 800 — 652 500,2019,"[""Москва, Олимпийский проспект, 11с1""]",https://www.forbes.ru/,"Школа была создана Центром педагогического мастерства, занимающимся подготовкой к всероссийским и международным интеллектуальным соревнованиям. В школе дети не только получают общее образование, но и проходят олимпиадную подготовку. Обучение в 8–9-х классах ведется по междисциплинарным программам. Старшеклассники выбирают узкую специализацию.","Приоритетные ценности: академические достижения и результативность, ответственность за свои действия и обучение, открытый диалог."
forbes-high-01,,Британская международная школа,,Школа располагает шестью кампусами в разных районах Москвы. Ее отличительная особенность — возможность выбрать одну из двух программ обучения: российскую по ФГОС или английскую национальную. Пять школ сети работают по международным программам и одна — по российской.,,forbes,,,,,,,,,,,high,1 270 000 — 3 476 000,1994,"[""Москва, Нахимовский проспект, 35а"", ""Москва, Нахимовский проспект, 35б"", ""Москва, Большая Академическая улица, 6а"", ""Москва, Большая Академическая улица, 24"", ""Москва, Новоясеневский проспект, 19с1"", ""Москва, улица Приорова, 9с1""]",https://www.forbes.ru/,Школа располагает шестью кампусами в разных районах Москвы. Ее отличительная особенность — возможность выбрать одну из двух программ обучения: российскую по ФГОС или английскую национальную. Пять школ сети работают по международным программам и одна — по российской.,"Приоритетные ценности: академические достижения и результативность, лидерские качества и инициативность, уважение к личности, разнообразию мнений и культур."
forbes-high-02,,Интеграция XXI век,,"В международной школе с углубленным изучением иностранных языков создана насыщенная образовательная среда. Школьники ведут индивидуальную проектную и исследовательскую деятельность, а также проходят развивающие спецкурсы по интересам.",,forbes,,,,,,,,,,,high,950 000 — 1 985 000,1996,"[""Москва, улица Маршала Катукова, 16к1""]",https://www.forbes.ru/,"В международной школе с углубленным изучением иностранных языков создана насыщенная образовательная среда. Школьники ведут индивидуальную проектную и исследовательскую деятельность, а также проходят развивающие спецкурсы по интересам.","Приоритетные ценности: естественное развитие и индивидуальный темп, самореализация и развитие талантов, уважение к личности, разнообразию мнений и культур."
forbes-high-04,,Ломоносовская школа,,"Первое учебное заведение, вошедшее позднее в сеть «Ломоносовских школ», открылось в 1993 году. Программа обучения здесь базируется на авторской образовательной технологии «ИнтеллекТ», которая предлагает комплекс упражнений на тренировку интеллектуальных способностей: памяти, внимания, мышления и воображения.",,forbes,,,,,,,,,,,high,1 845 000,1993,"[""Москва, Аминьевское шоссе, 18к4""]",https://www.forbes.ru/,"Первое учебное заведение, вошедшее позднее в сеть «Ломоносовских школ», открылось в 1993 году. Программа обучения здесь базируется на авторской образовательной технологии «ИнтеллекТ», которая предлагает комплекс упражнений на тренировку интеллектуальных способностей: памяти, внимания, мышления и воображения.","Приоритетные ценности: академические достижения и результативность, моральные и семейные ценности, сотрудничество и командная работа."
forbes-high-05,,Ломоносовская школа «Интек»,,"«Интек» входит в сеть «Ломоносовских школ». Учебное заведение предлагает программу двойного аттестата: школьники могут получить одновременно российский аттестат и канадский диплом о среднем образовании. «Интек» знакомит детей с научной деятельностью: они занимаются проектной и исследовательской работой, участвуют в конференциях и публикуются в научных изданиях.",,forbes,,,,,,,,,,,high,1 845 000,2008,"[""Московская область, муниципальный округ Истра, деревня Воронино, клубный поселок «Монолит», Клубная аллея, 2""]",https://www.forbes.ru/,"«Интек» входит в сеть «Ломоносовских школ». Учебное заведение предлагает программу двойного аттестата: школьники могут получить одновременно российский аттестат и канадский диплом о среднем образовании. «Интек» знакомит детей с научной деятельностью: они занимаются проектной и исследовательской работой, участвуют в конференциях и публикуются в научных изданиях.","Приоритетные ценности: академические достижения и результативность, дисциплина и порядок, сотрудничество и командная работа."
forbes-high-06,,Ломоносовская школа — Зеленый мыс,,"«Ломоносовская школа — Зеленый мыс» расположена в коттеджном поселке в экологически чистом районе северного Подмосковья. Это современная частная школа-пансион, включающая в себя дошкольное отделение, начальную, основную и старшую школу. Помимо обучения и воспитания, большое внимание уделяется ранней профориентации и развитию компетенций XXI века.",,forbes,,,,,,,,,,,high,1 485 000,2008,"[""Московская область, городской округ Мытищи, деревня Подольниха, Клубная улица, 2с1""]",https://www.forbes.ru/,"«Ломоносовская школа — Зеленый мыс» расположена в коттеджном поселке в экологически чистом районе северного Подмосковья. Это современная частная школа-пансион, включающая в себя дошкольное отделение, начальную, основную и старшую школу. Помимо обучения и воспитания, большое внимание уделяется ранней профориентации и развитию компетенций XXI века.","Приоритетные ценности: академические достижения и результативность, доброта и взаимопомощь, упорный труд."
forbes-high-07,,Международная гимназия «Сколково»,,"В гимназии проводятся лекции профессоров Сколковского института науки и технологий, а школьники участвуют в проектно-исследовательской деятельности на базе стартапов — резидентов «Сколково».",,forbes,,,,,,,,,,,high,1 643 000,2015,"[""Москва, территория инновационного центра «Сколково», улица Зворыкина, 4""]",https://www.forbes.ru/,"В гимназии проводятся лекции профессоров Сколковского института науки и технологий, а школьники участвуют в проектно-исследовательской деятельности на базе стартапов — резидентов «Сколково».","Приоритетные ценности: академические достижения и результативность, ответственность за свои действия и обучение, сотрудничество и командная работа."
forbes-high-08,,Наши традиции,,"В школе убеждены, что русская культура, история и традиции — лучший фундамент для образования. Обучение проходит по авторским программам, большое внимание уделяется индивидуализации. Педагоги мотивируют учеников размышлять и прививают им тягу к знаниям.",,forbes,,,,,,,,,,,high,1 320 000,1996,"[""Москва, Мичуринский проспект, 6к4""]",https://www.forbes.ru/,"В школе убеждены, что русская культура, история и традиции — лучший фундамент для образования. Обучение проходит по авторским программам, большое внимание уделяется индивидуализации. Педагоги мотивируют учеников размышлять и прививают им тягу к знаниям.","Приоритетные ценности: академические достижения и результативность, дисциплина и порядок, лидерские качества и инициативность."
forbes-high-09,,Новый взгляд,,"Учредитель школы — инвестиционная группа «Регион», а наблюдательный совет возглавляет ректор МГИМО Анатолий Торкунов. Школа делает акцент на развитии у учеников универсальных предпринимательских компетенций. Педагоги стремятся к балансу инновационных методик и образовательных традиций, проверенных временем. В команде трудятся как именитые, заслуженные учителя, так и восходящие звезды педагогики.",,forbes,,,,,,,,,,,high,1 067 000 — 2 145 000,2021,"[""Москва, 1-й Шибаевский переулок, 4""]",https://www.forbes.ru/,"Учредитель школы — инвестиционная группа «Регион», а наблюдательный совет возглавляет ректор МГИМО Анатолий Торкунов. Школа делает акцент на развитии у учеников универсальных предпринимательских компетенций. Педагоги стремятся к балансу инновационных методик и образовательных традиций, проверенных временем. В команде трудятся как именитые, заслуженные учителя, так и восходящие звезды педагогики.","Приоритетные ценности: самореализация и развитие талантов, сотрудничество и командная работа, эмоциональная безопасность и поддержка."
forbes-high-10,,Павловская гимназия,,"Инфраструктура и оснащение позволяют гимназии сочетать возможности пяти школ: общеобразовательной, языковой, музыкальной, спортивной и театрально-художественной. Миссия гимназии — воспитать прогрессивных людей, которые станут элитой страны.",,forbes,,,,,,,,,,,high,1 950 000 — 2 150 000,2009,"[""Московская область, муниципальный округ Истра, деревня Веледниково, Живописная улица, 136""]",https://www.forbes.ru/,"Инфраструктура и оснащение позволяют гимназии сочетать возможности пяти школ: общеобразовательной, языковой, музыкальной, спортивной и театрально-художественной. Миссия гимназии — воспитать прогрессивных людей, которые станут элитой страны.","Приоритетные ценности: академические достижения и результативность, ответственность за свои действия и обучение, сотрудничество и командная работа."
forbes-high-11,,Первая Московская гимназия,,"«Первую Московскую гимназию» на базе советского пионерского лагеря основала Елена Батурина. В 2012 году новым учредителем школы стал Анатолий Авдеев — в прошлом вице-президент «Норильского никеля» и начальник управления Таможенного комитета России. В 2020 году Авдеев стал сам управлять гимназией, заняв пост директора. Современный, хорошо оборудованный кампус расположен в сосновом лесу, на территории площадью более 12 га. В школе учатся дети представителей элиты: политиков, предпринимателей, деятелей культуры.",,forbes,,,,,,,,,,,high,1 500 000 — 2 200 000,2002,"[""Московская область, Одинцовский городской округ, деревня Липки, 63а""]",https://www.forbes.ru/,"«Первую Московскую гимназию» на базе советского пионерского лагеря основала Елена Батурина. В 2012 году новым учредителем школы стал Анатолий Авдеев — в прошлом вице-президент «Норильского никеля» и начальник управления Таможенного комитета России. В 2020 году Авдеев стал сам управлять гимназией, заняв пост директора. Современный, хорошо оборудованный кампус расположен в сосновом лесу, на территории площадью более 12 га. В школе учатся дети представителей элиты: политиков, предпринимателей, деятелей культуры.","Приоритетные ценности: академические достижения и результативность, самореализация и развитие талантов, эмоциональная безопасность и поддержка."
forbes-high-12,,Президент,,"В кампусе располагаются несколько современных естественно-научных лабораторий, 25-метровый бассейн, творческие мастерские, музыкальная школа, разнообразные помещения для занятий спортом. Старшеклассники могут выбирать между обучением по российским стандартам и англоязычной программе.",,forbes,,,,,,,,,,,high,2 000 000 — 2 300 000,1993,"[""Московская область, Одинцовский городской округ, деревня Жуковка, Ильинский подъезд, 2с1–4""]",https://www.forbes.ru/,"В кампусе располагаются несколько современных естественно-научных лабораторий, 25-метровый бассейн, творческие мастерские, музыкальная школа, разнообразные помещения для занятий спортом. Старшеклассники могут выбирать между обучением по российским стандартам и англоязычной программе.","Приоритетные ценности: академические достижения и результативность, дисциплина и порядок, принятие рисков и обучение на ошибках."
forbes-high-13,,Сколка,,"«Сколка», основанная предпринимателем и меценатом Андреем Комаровым, развивает у учеников «компетенции будущего» посредством работы над реальными проектами. Образовательная программа сфокусирована на четырех направлениях: биотехнологиях, креативных индустриях, ИТ и ИИ, космической индустрии. Ученики решают практические задачи совместно с партнерами — ведущими компаниями из различных отраслей.",,forbes,,,,,,,,,,,high,1 705 000 — 2 475 000,2023,"[""Москва, территория инновационного центра «Сколково», Большой бульвар, 37""]",https://www.forbes.ru/,"«Сколка», основанная предпринимателем и меценатом Андреем Комаровым, развивает у учеников «компетенции будущего» посредством работы над реальными проектами. Образовательная программа сфокусирована на четырех направлениях: биотехнологиях, креативных индустриях, ИТ и ИИ, космической индустрии. Ученики решают практические задачи совместно с партнерами — ведущими компаниями из различных отраслей.","Приоритетные ценности: ответственность за свои действия и обучение, самореализация и развитие талантов, эмоциональная безопасность и поддержка."
forbes-high-14,,Снегири,,"Здание школы «Снегири», спроектированное португальскими архитекторами, — одно из самых технологичных образовательных пространств в России. Для управления освещением, системой кондиционирования и учебным оборудованием используются 16 современных информационных систем. Еще одна особенность школы — коллектив молодых и творческих педагогов. Средний возраст учителей в «Снегирях» — 30 лет.",,forbes,,,,,,,,,,,high,1 320 000 — 1 920 000,2020,"[""Москва, Минская улица, 2Вк2""]",https://www.forbes.ru/,"Здание школы «Снегири», спроектированное португальскими архитекторами, — одно из самых технологичных образовательных пространств в России. Для управления освещением, системой кондиционирования и учебным оборудованием используются 16 современных информационных систем. Еще одна особенность школы — коллектив молодых и творческих педагогов. Средний возраст учителей в «Снегирях» — 30 лет.","Приоритетные ценности: академические достижения и результативность, естественное развитие и индивидуальный темп, открытый диалог."
forbes-high-15,,Хорошкола,,"В основанной Яной Греф школе убеждены, что каждый ребенок рождается любознательным и может успешно учиться. В школе есть собственный экспериментариум, кулинариум, планетарий, естественно-научная и арт-лаборатория, столярная мастерская, студии звуко- и видеозаписи, театральный и спортивные залы, бассейн и многое другое.",,forbes,,,,,,,,,,,high,1 490 000 — 1 890 000,2013,"[""Москва, улица Маршала Тухачевского, 45к2"", ""Москва, улица Народного Ополчения, 7а"", ""Москва, улица Народного Ополчения, 9а""]",https://www.forbes.ru/,"В основанной Яной Греф школе убеждены, что каждый ребенок рождается любознательным и может успешно учиться. В школе есть собственный экспериментариум, кулинариум, планетарий, естественно-научная и арт-лаборатория, столярная мастерская, студии звуко- и видеозаписи, театральный и спортивные залы, бассейн и многое другое.","Приоритетные ценности: академические достижения и результативность, естественное развитие и индивидуальный темп, самореализация и развитие талантов."
forbes-high-16,,Школа Сотрудничества,,"Школа дает классическое образование, используя прогрессивные педагогические методики. В основе ее подхода — принцип делового учебного сотрудничества между детьми и педагогами. Ученики школы побеждают на олимпиадах и показывают высокие результаты на экзаменах. Учебное заведение располагается в двух зданиях в центре Москвы: отреставрированном историческом особняке и недавно открывшемся корпусе, оснащенном новейшим оборудованием.",,forbes,,,,,,,,,,,high,1 332 000 — 1 746 000,1990,"[""Москва, улица Александра Солженицына, 9а""]",https://www.forbes.ru/,"Школа дает классическое образование, используя прогрессивные педагогические методики. В основе ее подхода — принцип делового учебного сотрудничества между детьми и педагогами. Ученики школы побеждают на олимпиадах и показывают высокие результаты на экзаменах. Учебное заведение располагается в двух зданиях в центре Москвы: отреставрированном историческом особняке и недавно открывшемся корпусе, оснащенном новейшим оборудованием.","Приоритетные ценности: академические достижения и результативность, моральные и семейные ценности, целеустремленность и настойчивость."
forbes-high-17,,Cambridge International School,,"Школа предлагает образование на всех уровнях: здесь учатся дети от 3 до 18 лет. Обучение по международным стандартам доступно с 5 лет. Ученики могут одновременно осваивать российскую образовательную программу и международную, чтобы в дальнейшем иметь возможность поступать как в отечественные, так и в зарубежные вузы.",,forbes,,,,,,,,,,,high,1 554 000 — 3 389 000,2015,"[""Москва, Фестивальная улица, 7а"", ""Московская область, Одинцовский городской округ, рабочий поселок Заречье, Березовая улица, 2""]",https://www.forbes.ru/,"Школа предлагает образование на всех уровнях: здесь учатся дети от 3 до 18 лет. Обучение по международным стандартам доступно с 5 лет. Ученики могут одновременно осваивать российскую образовательную программу и международную, чтобы в дальнейшем иметь возможность поступать как в отечественные, так и в зарубежные вузы.","Приоритетные ценности: академические достижения и результативность, самореализация и развитие талантов, уважение к личности, разнообразию мнений и культур."
forbes-high-18,,Heritage International School,,"Heritage International School — школа с международной и российской программами. Ученики могут одновременно готовиться к поступлению в российские и зарубежные вузы, а финальный выбор делать уже в старших классах с учетом своих академических успехов и планов семьи. В школе поощряют мультикультурность, уважение и терпимость к окружающим, ответственность и стремление к саморазвитию.",,forbes,,,,,,,,,,,high,1 790 000 — 2 380 000,2020,"[""Москва, Верхняя Краснобогатырская улица, 90с3""]",https://www.forbes.ru/,"Heritage International School — школа с международной и российской программами. Ученики могут одновременно готовиться к поступлению в российские и зарубежные вузы, а финальный выбор делать уже в старших классах с учетом своих академических успехов и планов семьи. В школе поощряют мультикультурность, уважение и терпимость к окружающим, ответственность и стремление к саморазвитию.","Приоритетные ценности: ответственность за свои действия и обучение, принятие рисков и обучение на ошибках, уважение к личности, разнообразию мнений и культур."
forbes-high-19,,Russian International School,,"Международная английская школа обучает одновременно по двум программам — российской и британской. У учеников с детства развивают билингвизм: часть уроков проходит на русском, часть — на английском языке. Школьники не только получают сильную академическую подготовку, но и ведут внеклассную деятельность: посещают спортивные секции, творческие занятия, разнообразные клубы и кружки.",,forbes,,,,,,,,,,,high,1 320 000 — 2 472 000,2008,"[""Московская область, Одинцовский городской округ, деревня Барвиха, 42""]",https://www.forbes.ru/,"Международная английская школа обучает одновременно по двум программам — российской и британской. У учеников с детства развивают билингвизм: часть уроков проходит на русском, часть — на английском языке. Школьники не только получают сильную академическую подготовку, но и ведут внеклассную деятельность: посещают спортивные секции, творческие занятия, разнообразные клубы и кружки.","Приоритетные ценности: академические достижения и результативность, самореализация и развитие талантов, эмоциональная безопасность и поддержка."
forbes-high-20,,Wunderpark International School,,"Современное и комфортное здание школы, основанной Мариной Мордашовой, спроектировано с учетом лучших мировых практик в архитектуре образовательных пространств. В школе стремятся к тому, чтобы ученики не только получали фундаментальные предметные знания, но и становились самостоятельными людьми, обладающими предпринимательским мышлением и способными разумно распоряжаться своим ­ временем.",,forbes,,,,,,,,,,,high,1 700 000 — 2 100 000,2015,"[""Московская область, муниципальный округ Истра, деревня Борзые, 1""]",https://www.forbes.ru/,"Современное и комфортное здание школы, основанной Мариной Мордашовой, спроектировано с учетом лучших мировых практик в архитектуре образовательных пространств. В школе стремятся к тому, чтобы ученики не только получали фундаментальные предметные знания, но и становились самостоятельными людьми, обладающими предпринимательским мышлением и способными разумно распоряжаться своим ­ временем.","Приоритетные ценности: самореализация и развитие талантов, сотрудничество и командная работа, эмоциональная безопасность и поддержка."
